Order,Account,Created Date,Item
SO-0017036,CU 0104745,3/1/09,
,,,903002
SO-0017038,CU 0102279,3/1/09,
,,,501001
,,,602020
SO-0017039,CU 0104636,3/1/09,
,,,509002
SO-0017040,CU 0104746,3/1/09,
,,,101001
,,,603001
,,,601002
,,,804015
,,,602016
,,,602010
,,,804003
,,,202005
,,,804005
,,,402002
,,,409110
,,,301001
,,,309001
,,,804010
,,,502005
,,,502001
,,,602018
,,,201101
,,,101208
,,,601014
,,,601005
,,,403001
,,,401001Y
,,,402001
,,,502006SM
,,,903001
,,,601007
,,,602009
,,,602020
,,,804014
,,,302002
,,,604002
,,,602012
,,,601003R
,,,601006
,,,601003L
,,,602008
,,,602021
,,,101137
,,,602019
,,,804011
,,,601016
,,,901008
,,,902003
,,,902007
,,,902020
,,,901004
SO-0017041,CU 0104747,3/1/09,
,,,101001
,,,804011
,,,602017
,,,402002
,,,309001
,,,309003
,,,101137
,,,109002
,,,101135
,,,604002
,,,601002
,,,602010
,,,603001
,,,502005
,,,502006SM
,,,501001
,,,509002
,,,404001
,,,409106
,,,509007
,,,502001
,,,301001
,,,602012
,,,601003L
,,,602020
,,,804014
,,,804026
,,,302001
,,,601006
,,,601012
,,,601004
,,,601005
SO-0017042,CU 0104107,3/2/09,
,,,601004
,,,501002
,,,509002
SO-0017043,CU 0101227,3/2/09,
,,,602022
SO-0017044,CU 0101506,3/2/09,
,,,202001
,,,301001
,,,901005
,,,901004
SO-0017045,CU 0101337,3/2/09,
,,,509007
,,,109008
,,,501001
,,,502006
,,,601004
,,,309001
,,,804026
,,,509002
SO-0017046,CU 0102811,3/2/09,
,,,602010
SO-0017048,CU 0102679,3/2/09,
,,,601017
,,,601018
SO-0017049,CU 0101505,3/2/09,
,,,401001Y
SO-0017050,CU 0103083,3/2/09,
,,,202006
,,,501001
,,,509002
,,,201101
SO-0017051,CU 0103694,3/2/09,
,,,401001Y
,,,402001
,,,601004
SO-0017052,CU 0103694,3/2/09,
,,,601004
SO-0017053,CU 0104175,3/2/09,
,,,404002
,,,401001Y
,,,502005
,,,101164
SO-0017054,CU 0104136,3/2/09,
,,,509007
,,,509002
SO-0017055,CU 0101039,3/2/09,
,,,502008
,,,101135
,,,109002
SO-0017056,CU 0104748,3/2/09,
,,,502006SM
SO-0017057,CU 0104150,3/2/09,
,,,502005
SO-0017058,CU 0103349,3/2/09,
,,,402002
SO-0017059,CU 0103828,3/2/09,
SO-0017060,CU 0104628,3/2/09,
,,,402001
,,,404002
,,,509007
,,,509002
,,,602010
,,,601018
SO-0017061,CU 0100198,3/2/09,
,,,604002
SO-0017062,CU 0104739,3/2/09,
,,,101001
,,,301001
,,,502001
,,,502005
,,,501001
,,,309001
,,,309003
,,,309007
,,,602010
,,,602008
,,,604002
,,,604001
,,,101137
,,,402002
,,,409106
,,,509002
,,,509007
,,,602012
,,,109001
,,,601017
,,,601018
,,,602016
SO-0017063,CU 0104525,3/2/09,
,,,101163
,,,602020
,,,109001
,,,602008
SO-0017064,CU 0104048,3/2/09,
,,,509002
SO-0017065,CU 0100930,3/2/09,
,,,202001
,,,501001
SO-0017066,CU 0104749,3/2/09,
,,,804004
SO-0017067,CU 0104750,3/2/09,
,,,903002
SO-0017068,CU 0104751,3/2/09,
,,,101001
,,,101001
,,,603001
,,,301001
,,,302001
,,,804015
,,,502001
,,,602012
,,,602010
,,,601004
,,,601006
,,,601002
,,,602008
,,,601003L
,,,602020
,,,101135
,,,109002
,,,109001
,,,502005
,,,501001
,,,509002
SO-0017069,CU 0104752,3/2/09,
,,,101001
,,,902001
,,,902006
,,,902017
,,,902018
,,,902009
,,,902013
,,,902021
,,,903001
,,,901004
,,,804010
,,,402002
,,,201101
,,,601002
,,,604002
,,,309004
,,,502001
,,,302002
,,,301001
,,,202004
,,,201007
,,,804005
,,,603001
,,,602020
,,,601007
,,,804015
,,,804009
,,,601016
,,,602018
,,,404002
,,,602016
,,,602012
,,,601003L
,,,601003R
,,,602008
,,,501002
,,,502006SM
,,,804014
SO-0017070,CU 0101042,3/2/09,
,,,601003L
SO-0017071,CU 0104395,3/3/09,
,,,509002
SO-0017072,CU 0103613,3/3/09,
,,,101001
SO-0017073,CU 0103468,3/3/09,
,,,502005
,,,502006SM
,,,101001
SO-0017074,CU 0104679,3/3/09,
,,,109001
,,,804026
,,,602010
,,,601008
,,,109002
SO-0017075,CU 0101235,3/3/09,
,,,601005
,,,601002
SO-0017076,CU 0100764,3/3/09,
,,,101165
,,,101164
,,,501001
,,,601008
SO-0017077,CU 0104753,3/3/09,
,,,903001
SO-0017078,CU 0102394,3/3/09,
,,,603001
SO-0017079,CU 0104754,3/3/09,
,,,602021
SO-0017080,CU 0101505,3/3/09,
,,,804013
SO-0017081,CU 0103436,3/3/09,
,,,502005
SO-0017082,CU 0103670,3/3/09,
SO-0017083,CU 0100707,3/3/09,
,,,602022
SO-0017084,CU 0100852,3/3/09,
,,,409110
,,,101135
,,,109002
,,,401001Y
SO-0017085,CU 0104674,3/3/09,
,,,804010
SO-0017086,CU 0102319,3/3/09,
,,,501001
,,,302001
SO-0017087,CU 0101649,3/3/09,
,,,401001Y
SO-0017090,CU 0103718,3/3/09,
SO-0017091,CU 0100203,3/3/09,
,,,403001
,,,502006SM
,,,501001
,,,804015
,,,602012
,,,602010
,,,804014
,,,601002
,,,804011
,,,409106
,,,509003
,,,509002
,,,109002
,,,804026
SO-0017092,CU 0101842,3/3/09,
SO-0017095,CU 0103670,3/3/09,
,,,403001
SO-0017097,CU 0102655,3/3/09,
,,,601014
,,,101208
,,,502006
,,,804015
,,,602010
,,,402002
,,,601002
SO-0017098,CU 0100971,3/3/09,
,,,SvcLabor
SO-0017099,CU 0100713,3/3/09,
,,,602016
,,,502006
SO-0017101,CU 0103395,3/3/09,
,,,101135
,,,109002
SO-0017102,CU 0104222,3/3/09,
,,,403001
SO-0017103,CU 0103415,3/3/09,
,,,501002
,,,404002
,,,804015
,,,601002
,,,509007
,,,309002
,,,509002
SO-0017104,CU 0104071,3/3/09,
,,,602016
,,,602012
,,,804011
,,,404002
,,,409110
,,,302001
,,,309007
,,,502008
,,,109002
,,,101135
,,,902018
,,,902007
,,,502006XL
SO-0017105,CU 0104677,3/3/09,
SO-0017106,CU 0104755,3/3/09,
,,,902005
SO-0017107,CU 0104756,3/3/09,
,,,903002
SO-0017108,CU 0103105,3/3/09,
,,,301001
SO-0017109,CU 0103398,3/4/09,
,,,101001
,,,101001
,,,101001
,,,603001
,,,302001
,,,301001
,,,502001
,,,501001
,,,502006XL
,,,804014
,,,601003L
,,,602012
,,,602010
,,,604002
,,,804011
,,,601012
,,,402002
,,,509007
,,,601006
,,,601018
,,,202006
,,,202004
,,,201101
,,,201008
SO-0017110,CU 0101581,3/4/09,
,,,903001
,,,903002
SO-0017111,CU 0103260,3/4/09,
,,,601005
,,,402002
,,,101135
,,,502006XL
,,,501002
,,,501001
SO-0017112,CU 0103260,3/4/09,
SO-0017114,CU 0101415,3/4/09,
,,,604001
SO-0017115,CU 0103655,3/4/09,
,,,403001
,,,401001Y
SO-0017116,CU 0101065,3/4/09,
,,,502008
SO-0017118,CU 0103467,3/4/09,
,,,601003L
,,,509002
,,,401001Y
,,,601003L
,,,509002
,,,401001Y
SO-0017119,CU 0101634,3/4/09,
,,,101163
SO-0017120,CU 0104643,3/4/09,
,,,804011
SO-0017121,CU 0104759,3/4/09,
,,,101001
,,,602020
,,,603001
,,,302002
,,,301001
,,,502006SM
,,,501001
,,,101208
,,,602021
,,,101137
,,,602019
,,,602012
,,,601003L
,,,509002
,,,502001
SO-0017122,CU 0103256,3/4/09,
,,,502006SM
SO-0017123,CU 0101007,3/4/09,
,,,902018
SO-0017124,CU 0104760,3/4/09,
,,,101001
,,,101001
,,,101001
,,,902020
,,,603001
,,,602019
,,,509002
,,,903002
,,,101208
,,,602017
,,,602021
,,,402002
,,,404002
,,,409106
,,,109001
,,,309001
,,,509003
,,,309003
,,,309002
,,,101137
,,,604002
,,,601002
,,,602010
,,,201101
,,,409110
,,,509007
,,,804010
,,,502001
,,,502006SM
,,,501002
,,,501001
,,,301001
,,,604001
,,,602012
,,,601003L
,,,602008
,,,302002
,,,804004
,,,804015
,,,602020
,,,804005
,,,601014
,,,601016
SO-0017125,CU 0103624,3/4/09,
,,,401001Y
SO-0017126,CU 0104761,3/4/09,
,,,101001
,,,502001
SO-0017127,CU 0103624,3/4/09,
,,,604002
SO-0017128,CU 0103624,3/4/09,
,,,604001
SO-0017129,CU 0100631,3/4/09,
,,,109002
,,,101135
SO-0017130,CU 0104762,3/4/09,
,,,101001
,,,302002
,,,603001
,,,301001
,,,501001
,,,602012
,,,601002
,,,602010
,,,601014
,,,601016
,,,602019
,,,502001
,,,502006XL
,,,309001
,,,309003
,,,101137
,,,602021
,,,509002
,,,109001
,,,109002
,,,101135
,,,509003
,,,602017
,,,602008
SO-0017131,CU 0104189,3/4/09,
,,,902020
SO-0017132,CU 0104762,3/4/09,
,,,403001
SO-0017133,CU 0104186,3/4/09,
,,,402002
SO-0017134,CU 0102388,3/4/09,
,,,403001
,,,401001Y
SO-0017135,CU 0102058,3/4/09,
,,,309003
SO-0017136,CU 0104641,3/4/09,
,,,403001
SO-0017137,CU 0104691,3/4/09,
,,,403001
SO-0017138,CU 0103674,3/4/09,
,,,403001
SO-0017139,CU 0101551,3/4/09,
,,,109001
SO-0017140,CU 0101680,3/4/09,
,,,501001
,,,502005
SO-0017142,CU 0103698,3/5/09,
,,,601003L
,,,602016
,,,302002
,,,601019
,,,804011
SO-0017143,CU 0104763,3/5/09,
,,,903001
SO-0017144,CU 0101793,3/5/09,
,,,409110
,,,601004
,,,602012
SO-0017145,CU 0103542,3/5/09,
,,,101001
,,,603001
,,,302001
,,,301001
,,,502001
,,,509002
,,,501001
,,,502005
,,,502006SM
,,,502006XL
,,,601003L
,,,602012
,,,602010
,,,602008
,,,601002
,,,601004
,,,902020
,,,902018
SO-0017146,CU 0104255,3/5/09,
,,,804004
SO-0017147,CU 0102817,3/5/09,
,,,902007
,,,902017
,,,601002
SO-0017148,CU 0103742,3/5/09,
,,,502001
,,,501001
,,,804010
SO-0017149,CU 0101114,3/5/09,
,,,202003
SO-0017150,CU 0103177,3/5/09,
SO-0017151,CU 0100378,3/5/09,
,,,404001
,,,804015
SO-0017152,CU 0100644,3/5/09,
,,,101163
SO-0017153,CU 0100536,3/5/09,
,,,502008
,,,502008
,,,502008
SO-0017154,CU 0100695,3/5/09,
,,,402002
SO-0017155,CU 0104764,3/5/09,
,,,902001
SO-0017156,CU 0103676,3/5/09,
,,,601002
SO-0017157,CU 0100848,3/5/09,
,,,403001
SO-0017158,CU 0104765,3/5/09,
,,,902019
SO-0017159,CU 0103718,3/5/09,
SO-0017160,CU 0101635,3/5/09,
,,,101001
,,,602010
,,,804015
,,,602020
,,,804011
,,,409106
,,,309007
,,,409110
,,,502001
,,,501001
,,,502006SM
,,,502006
,,,301001
,,,602008
,,,302002
,,,902005
,,,902006
,,,902007
,,,902008
,,,601002
SO-0017161,CU 0104150,3/5/09,
,,,501002
SO-0017162,CU 0100602,3/5/09,
,,,101001
,,,101001
,,,402002
,,,301001
,,,302002
,,,501001
,,,502001
,,,502006SM
,,,502006XL
,,,804004
,,,804003
,,,601002
,,,602010
,,,602018
,,,603001
,,,509002
,,,309004
,,,109002
,,,101135
SO-0017163,CU 0101680,3/5/09,
,,,601002
SO-0017164,CU 0102570,3/5/09,
,,,403001
,,,401001Y
SO-0017165,CU 0100574,3/5/09,
,,,902006
,,,109002
,,,101135
SO-0017166,CU 0104766,3/5/09,
,,,101001
SO-0017167,CU 0102781,3/6/09,
,,,501001
,,,309007
,,,109001
,,,109002
,,,101135
,,,509007
,,,101165
,,,604002
,,,409110
,,,804004
,,,902017
,,,903001
SO-0017168,CU 0104123,3/6/09,
,,,302001
,,,501001
,,,601015
,,,804026
,,,804010
SO-0017169,CU 0103326,3/6/09,
SO-0017170,CU 0104767,3/6/09,
,,,903001
,,,902017
,,,901003
,,,901005
SO-0017171,CU 0104157,3/6/09,
,,,501001
SO-0017172,CU 0102792,3/6/09,
,,,302002
,,,502005
,,,602020
,,,404002
SO-0017173,CU 0104640,3/6/09,
,,,502006XL
SO-0017174,CU 0104768,3/6/09,
,,,101001
,,,502001
,,,202002
,,,202003
,,,301001
,,,604002
,,,501002
,,,509002
,,,603001
,,,302002
,,,502006XL
,,,804010
,,,109001
,,,101135
,,,109002
,,,602010
,,,804011
,,,402002
,,,509003
,,,601004
SO-0017175,CU 0104769,3/6/09,
,,,101001
,,,603001
,,,202002
,,,202003
,,,302002
,,,501001
,,,602012
,,,804004
,,,602008
,,,601006
,,,601002
,,,201101
,,,601004
,,,804010
SO-0017176,CU 0100441,3/6/09,
,,,309003
,,,509002
,,,402003
SO-0017178,CU 0104319,3/6/09,
,,,401001Y
SO-0017179,CU 0100439,3/6/09,
,,,804004
SO-0017180,CU 0100439,3/6/09,
,,,403001
SO-0017182,CU 0103701,3/6/09,
,,,403001
SO-0017184,CU 0104693,3/6/09,
,,,403001
SO-0017185,CU 0104770,3/6/09,
,,,101001
,,,301001
,,,502001
,,,402001
,,,501001
,,,501002
,,,804003
,,,502006SM
,,,601007
,,,602020
,,,602012
,,,804026
,,,602016
,,,602018
,,,602009
,,,602010
,,,602008
,,,601002
,,,602019
,,,601006
,,,601003L
,,,601003R
,,,404001
,,,804015
,,,404002
,,,409110
,,,402002
,,,804011
,,,101208
,,,601014
,,,601015
,,,601012
,,,601005
,,,302002
,,,604002
,,,604001
,,,309003
,,,309002
,,,309001
,,,309008
,,,309004
,,,509003
,,,109001
,,,109002
,,,409106
,,,509002
,,,509007
,,,101135
,,,101164
,,,101165
,,,602021
,,,101137
SO-0017186,CU 0104663,3/6/09,
,,,403001
,,,401001Y
SO-0017187,CU 0104522,3/6/09,
,,,403001
,,,401001Y
SO-0017188,CU 0100505,3/6/09,
,,,309002
,,,509003
,,,109001
,,,109002
,,,101135
,,,601016
SO-0017189,CU 0104473,3/6/09,
,,,403001
SO-0017190,CU 0104408,3/6/09,
,,,403001
SO-0017191,CU 0103934,3/6/09,
,,,403001
SO-0017192,CU 0101213,3/6/09,
,,,601002
SO-0017194,CU 0104662,3/6/09,
,,,601005
SO-0017195,CU 0104677,3/9/09,
SO-0017196,CU 0100008,3/6/09,
SO-0017197,CU 0103045,3/6/09,
,,,404001
,,,502008
,,,804026
SO-0017198,CU 0103045,3/6/09,
,,,502008
SO-0017199,CU 0104772,3/6/09,
,,,902002
SO-0017200,CU 0101965,3/7/09,
,,,101208
,,,109001
,,,402001
SO-0017201,CU 0103219,3/7/09,
,,,501001
,,,302001
,,,804004
,,,804026
SO-0017202,CU 0100505,3/7/09,
,,,601015
,,,309007
,,,109001
SO-0017203,CU 0104773,3/7/09,
,,,902005
,,,902019
,,,903002
SO-0017204,CU 0103078,3/7/09,
,,,602020
,,,602012
,,,602010
SO-0017205,CU 0100649,3/7/09,
,,,404001
SO-0017206,CU 0104774,3/7/09,
,,,101001
,,,202003
,,,202001
,,,302001
,,,603001
,,,502005
,,,501001
,,,502001
,,,509002
,,,602008
,,,601004
,,,804010
,,,602020
SO-0017207,CU 0104453,3/8/09,
,,,502006XL
SO-0017208,CU 0101031,3/8/09,
,,,602019
SO-0017209,CU 0103103,3/8/09,
,,,109001
,,,401001Y
,,,501001
,,,402002
,,,602012
,,,602010
SO-0017210,CU 0104775,3/8/09,
,,,901001
SO-0017211,CU 0101049,3/9/09,
,,,501001
,,,509002
,,,409110
SO-0017212,CU 0101573,3/9/09,
,,,602010
,,,602021
,,,109001
,,,101137
,,,602022
,,,309003
SO-0017213,CU 0103127,3/9/09,
,,,401001Y
SO-0017214,CU 0101681,3/9/09,
,,,CS1000
,,,CS1001
,,,101001
,,,602022
SO-0017215,CU 0104771,3/9/09,
,,,501001
SO-0017216,CU 0102575,3/9/09,
,,,804006
SO-0017217,CU 0100649,3/9/09,
,,,403001
SO-0017218,CU 0102831,3/9/09,
,,,804004
SO-0017219,CU 0101695,3/9/09,
,,,501001
,,,109001
SO-0017220,CU 0100116,3/9/09,
,,,501001
,,,509002
SO-0017221,CU 0101190,3/9/09,
,,,CS1002
SO-0017222,CU 0103844,3/9/09,
,,,501001
,,,101137
,,,602018
SO-0017223,CU 0104752,3/9/09,
,,,403001
SO-0017224,CU 0103219,3/9/09,
,,,403001
,,,401001Y
SO-0017225,CU 0103280,3/9/09,
,,,601002
,,,602022
,,,601004
SO-0017226,CU 0104776,3/9/09,
,,,502006XL
SO-0017227,CU 0103591,3/9/09,
,,,502005
,,,101163
,,,903001
,,,601003L
,,,601012
SO-0017228,CU 0103980,3/9/09,
,,,602021
,,,804011
SO-0017229,CU 0103623,3/9/09,
,,,601018
,,,602010
,,,602008
,,,601003L
SO-0017230,CU 0104744,3/9/09,
,,,401001Y
SO-0017231,CU 0100494,3/9/09,
,,,602020
,,,604001
,,,309003
,,,309001
,,,603001
,,,601006
,,,602010
,,,602012
,,,601003L
,,,601002
,,,601004
,,,509002
,,,509003
,,,109001
,,,109002
,,,101135
,,,101208
,,,804011
SO-0017232,CU 0104570,3/9/09,
,,,403001
SO-0017233,CU 0103134,3/9/09,
,,,401001Y
SO-0017234,CU 0100378,3/9/09,
,,,401001Y
SO-0017235,CU 0104739,3/9/09,
,,,401001Y
,,,403001
SO-0017236,CU 0101607,3/9/09,
,,,509002
SO-0017237,CU 0104774,3/9/09,
,,,403001
,,,401001Y
SO-0017238,CU 0104010,3/9/09,
,,,602010
SO-0017239,CU 0101213,3/9/09,
,,,403001
SO-0017240,CU 0100764,3/9/09,
,,,409106
SO-0017241,CU 0104777,3/9/09,
,,,903002
,,,902017
SO-0017242,CU 0104735,3/9/09,
,,,403001
SO-0017243,CU 0104253,3/9/09,
,,,404001
SO-0017244,CU 0101095,3/9/09,
,,,404001
SO-0017245,CU 0102421,3/9/09,
,,,403001
SO-0017246,CU 0104774,3/9/09,
SO-0017247,CU 0103828,3/9/09,
,,,101001
,,,302001
,,,301001
,,,502001
,,,402001
,,,501001
,,,404001
,,,804013
,,,309001
,,,309003
,,,601003L
,,,601006
,,,601002
,,,602019
,,,604001
,,,602021
,,,101137
,,,804011
,,,402002
,,,602017
,,,409106
,,,309008
,,,309007
,,,101164
,,,109002
,,,101135
,,,109001
,,,509007
,,,509002
,,,804013
SO-0017248,CU 0101505,3/9/09,
,,,309002
SO-0017249,CU 0101114,3/9/09,
,,,502001
,,,502005
,,,501001
,,,602018
,,,302002
,,,301001
,,,109002
,,,101135
,,,601004
,,,804011
,,,804004
,,,804015
,,,804013
,,,509002
,,,502006XL
SO-0017250,CU 0103318,3/9/09,
,,,101163
,,,409106
,,,402002
SO-0017251,CU 0100084,3/9/09,
,,,403001
SO-0017252,CU 0103331,3/9/09,
,,,502006SM
SO-0017253,CU 0102394,3/9/09,
,,,401001Y
SO-0017254,CU 0100392,3/9/09,
,,,101001
,,,804011
,,,502001
,,,402002
,,,404002
,,,309003
,,,109002
,,,101135
,,,309002
,,,509007
,,,501001
,,,509002
,,,301001
,,,302002
,,,804015
,,,804013
,,,502006XL
SO-0017255,CU 0100200,3/9/09,
,,,109008
SO-0017256,CU 0100602,3/9/09,
,,,502006SM
,,,502006XL
,,,301001
,,,302002
SO-0017257,CU 0103761,3/9/09,
SO-0017258,CU 0104769,3/10/09,
,,,403001
SO-0017259,CU 0104770,3/10/09,
,,,401001Y
SO-0017260,CU 0102052,3/10/09,
,,,101001
,,,603001
,,,302001
,,,401001Y
SO-0017261,CU 0104751,3/10/09,
,,,403001
SO-0017262,CU 0101337,3/10/09,
,,,403001
,,,401001Y
SO-0017263,CU 0104778,3/10/09,
,,,101001
,,,603001
,,,202006
,,,601003L
,,,502001
,,,602009
,,,602020
,,,509007
SO-0017264,CU 0103999,3/10/09,
,,,403001
SO-0017265,CU 0100735,3/10/09,
,,,509002
SO-0017266,CU 0101270,3/10/09,
,,,509002
,,,109001
SO-0017267,CU 0104699,3/10/09,
,,,403001
SO-0017268,CU 0104779,3/10/09,
,,,101001
,,,502001
,,,502006SM
SO-0017269,CU 0104768,3/10/09,
,,,403001
SO-0017270,CU 0100392,3/10/09,
,,,403001
,,,401001Y
,,,602018
,,,509003
,,,804013
,,,109002
SO-0017271,CU 0101271,3/10/09,
,,,604001
SO-0017272,CU 0104087,3/10/09,
,,,602010
,,,601015
SO-0017273,CU 0103103,3/10/09,
,,,109001
,,,501001
,,,509002
,,,602012
,,,903002
,,,602010
SO-0017274,CU 0101778,3/10/09,
,,,509007
SO-0017275,CU 0102270,3/10/09,
,,,602019
,,,404002
SO-0017276,CU 0103698,3/10/09,
,,,401001Y
SO-0017277,CU 0103817,3/10/09,
SO-0017278,CU 0100392,3/10/09,
,,,502006XL
SO-0017279,CU 0103671,3/10/09,
,,,804011
,,,601002
,,,602010
,,,602019
,,,501001
,,,301001
,,,602012
,,,601003L
,,,602008
,,,601006
,,,601015
,,,601014
,,,409110
,,,101165
,,,901004
,,,901002
SO-0017280,CU 0103671,3/10/09,
,,,401001Y
SO-0017281,CU 0102055,3/10/09,
,,,502008
SO-0017282,CU 0100477,3/10/09,
,,,404002
,,,101135
,,,109002
,,,804004
,,,409110
SO-0017283,CU 0103231,3/10/09,
,,,401001Y
,,,401001Y
SO-0017284,CU 0104710,3/10/09,
,,,101135
,,,101137
,,,101165
,,,101208
,,,109001
,,,109002
,,,109008
,,,201001
,,,202002
,,,202003
,,,302001
,,,302002
,,,309001
,,,309002
,,,309003
,,,309007
,,,402001
,,,402002
,,,403001
,,,404001
,,,404002
,,,409001
,,,501001
,,,502005
,,,502006
,,,509002
,,,509003
,,,509007
,,,601002
,,,601003L
,,,601003R
,,,601004
,,,601006
,,,601012
,,,601014
,,,601015
,,,601016
,,,601017
,,,601018
,,,601019
,,,602008
,,,602010
,,,602012
,,,602016
,,,602017
,,,602019
,,,602020
,,,602021
,,,602022
,,,603001
,,,604001
,,,604002
,,,804004
,,,804006
,,,804010
,,,804011
,,,804012
,,,804013
,,,804015
,,,902001
,,,902002
,,,902004
,,,902005
,,,902006
,,,902007
,,,902008
,,,902011
,,,902014
,,,902015
,,,902017
,,,902018
,,,902020
,,,902021
,,,902022
,,,902023
,,,902027
,,,902034
,,,902035
,,,902036
,,,902041
,,,902042
,,,902043
,,,902044
,,,902050
,,,902051
,,,902052
,,,902053
,,,902054
SO-0017285,CU 0103773,3/10/09,
,,,409110
SO-0017286,CU 0104606,3/10/09,
,,,109001
,,,401001Y
,,,509002
,,,309003
,,,502006SM
SO-0017287,CU 0103773,3/10/09,
,,,403001
SO-0017288,CU 0102058,3/10/09,
,,,101164
SO-0017289,CU 0104503,3/10/09,
,,,903001
,,,903002
,,,901008
,,,509002
SO-0017290,CU 0104780,3/10/09,
,,,101106
SO-0017291,CU 0100713,3/10/09,
,,,502006XL
,,,502006SM
,,,502006
SO-0017292,CU 0104662,3/10/09,
,,,804004
SO-0017293,CU 0100024,3/10/09,
,,,401001Y
SO-0017294,CU 0101635,3/10/09,
,,,502006XL
SO-0017295,CU 0104741,3/10/09,
,,,403001
SO-0017296,CU 0100397,3/10/09,
,,,202006
SO-0017297,CU 0100273,3/10/09,
,,,602022
SO-0017298,CU 0102700,3/10/09,
,,,401001Y
,,,403001
SO-0017299,CU 0100235,3/10/09,
,,,502006XL
SO-0017300,CU 0104781,3/10/09,
,,,902006
,,,902006
,,,902006
SO-0017302,CU 0104782,3/10/09,
,,,902002
SO-0017303,CU 0103764,3/10/09,
,,,804013
SO-0017304,CU 0104783,3/10/09,
,,,101001
,,,603001
,,,404001
,,,502001
,,,502005
,,,602012
,,,302002
,,,804004
,,,602019
,,,501001
,,,509007
,,,301001
,,,804010
,,,601017
,,,602008
SO-0017305,CU 0103828,3/10/09,
,,,403001
,,,401001Y
SO-0017307,CU 0100706,3/10/09,
,,,101121
,,,140-0002
,,,101168
,,,101150
,,,109014
,,,109009
,,,109003
,,,140-000023
,,,140-000015
,,,140-0028
,,,109012
,,,309005
,,,109010
,,,140-0014
,,,109015
,,,109011
,,,101113
,,,101108
,,,101130
,,,101110
,,,101128
,,,101109
,,,101112
,,,302102
,,,302103
,,,101107
SO-0017308,CU 0100706,3/10/09,
,,,101121
,,,140-0002
,,,101168
,,,101150
,,,109014
,,,109009
,,,109003
,,,140-000023
,,,140-000015
,,,140-0028
,,,109012
,,,309005
,,,109010
,,,140-0014
,,,109015
,,,109011
,,,101113
,,,101108
,,,101130
,,,101110
,,,101128
,,,101109
,,,101112
,,,302102
,,,302103
,,,101107
SO-0017309,CU 0100706,3/10/09,
,,,101121
,,,140-0002
,,,101168
,,,101150
,,,109014
,,,109009
,,,109003
,,,140-000023
,,,140-000015
,,,140-0028
,,,109012
,,,309005
,,,109010
,,,140-0014
,,,109015
,,,109011
,,,101113
,,,101108
,,,101130
,,,101110
,,,101128
,,,101109
,,,101112
,,,302102
,,,302103
,,,101107
SO-0017310,CU 0100706,3/10/09,
,,,101121
,,,140-0002
,,,101168
,,,101150
,,,109014
,,,109009
,,,109003
,,,140-000023
,,,140-000015
,,,140-0028
,,,109012
,,,309005
,,,109010
,,,140-0014
,,,109015
,,,109011
,,,101113
,,,101108
,,,101130
,,,101110
,,,101128
,,,101109
,,,101112
,,,302102
,,,302103
,,,101107
SO-0017311,CU 0104784,3/10/09,
,,,101001
,,,603001
,,,302002
,,,403001
,,,401001Y
,,,804010
,,,502006XL
,,,501001
,,,509002
,,,502005
,,,502001
SO-0017312,CU 0100315,3/10/09,
,,,201101
SO-0017313,CU 0100791,3/10/09,
,,,602021
SO-0017314,CU 0104558,3/11/09,
,,,403001
SO-0017316,CU 0100349,3/11/09,
,,,502006XL
,,,604002
,,,602021
,,,101137
,,,601016
SO-0017317,CU 0104778,3/11/09,
SO-0017318,CU 0104786,3/11/09,
,,,101001
,,,603001
,,,302002
,,,301001
,,,502001
,,,402001
,,,401001Y
,,,501001
,,,502005
,,,804004
,,,602020
,,,804014
,,,309001
,,,309003
,,,601003L
,,,602012
,,,602008
,,,602010
,,,601006
,,,601002
,,,604001
,,,101208
,,,602021
,,,101137
,,,804011
,,,804010
,,,601004
,,,601008
SO-0017319,CU 0104787,3/11/09,
,,,902017
SO-0017320,CU 0102955,3/11/09,
,,,601002
,,,602019
SO-0017321,CU 0103587,3/11/09,
,,,401001Y
SO-0017322,CU 0101253,3/11/09,
,,,509003
,,,201101
SO-0017323,CU 0102792,3/11/09,
,,,401001Y
SO-0017324,CU 0104620,3/11/09,
,,,403001
SO-0017325,CU 0104788,3/11/09,
,,,409106
SO-0017326,CU 0104783,3/11/09,
,,,403001
,,,401001Y
SO-0017327,CU 0102348,3/11/09,
,,,109008
SO-0017329,CU 0103922,3/11/09,
,,,101001
SO-0017330,CU 0102623,3/11/09,
,,,302001
,,,403001
,,,502005
,,,602012
,,,601002
,,,101208
,,,101137
,,,804011
,,,603001
,,,501001
,,,101137
,,,109002
,,,101135
,,,502006
SO-0017331,CU 0100349,3/11/09,
,,,403001
SO-0017332,CU 0103441,3/11/09,
,,,509002
SO-0017333,CU 0100116,3/11/09,
SO-0017334,CU 0101414,3/11/09,
,,,401001Y
SO-0017336,CU 0101634,3/11/09,
,,,101163
SO-0017337,CU 0104778,3/11/09,
,,,403001
,,,401001Y
SO-0017338,CU 0104659,3/11/09,
,,,401001Y
,,,403001
SO-0017339,CU 0104568,3/11/09,
,,,602010
,,,601002
SO-0017340,CU 0101635,3/11/09,
,,,401001Y
,,,403001
SO-0017342,CU 0104789,3/11/09,
,,,101001
,,,603001
,,,202001
,,,302001
,,,502001
,,,502005
,,,501001
,,,301001
,,,101208
,,,804010
SO-0017343,CU 0104742,3/11/09,
,,,401001Y
,,,403001
SO-0017344,CU 0103712,3/11/09,
,,,401001Y
SO-0017345,CU 0103851,3/11/09,
,,,403001
SO-0017346,CU 0104789,3/11/09,
,,,403001
SO-0017348,CU 0103999,3/11/09,
,,,502001
SO-0017349,CU 0104790,3/11/09,
,,,101001
,,,603001
,,,501002
,,,403001
,,,309008
,,,309002
,,,109001
,,,509007
,,,101135
,,,109002
,,,402002
,,,804010
,,,501001
,,,301001
,,,302002
,,,202006
,,,401001Y
,,,502001
,,,502005
SO-0017350,CU 0104791,3/11/09,
,,,902006
SO-0017351,CU 0104792,3/11/09,
,,,902001
SO-0017352,CU 0104793,3/11/09,
,,,101001
,,,603001
,,,301001
,,,309001
,,,302002
,,,309003
,,,404001
,,,804004
,,,202003
,,,502001
,,,501002
,,,509002
,,,804010
,,,502006SM
SO-0017353,CU 0104794,3/11/09,
,,,101001
,,,502001
SO-0017354,CU 0104795,3/11/09,
,,,101001
,,,603001
,,,202002
,,,101208
,,,201101
,,,301001
,,,501001
,,,502006SM
,,,309001
,,,309003
,,,602012
,,,602010
,,,601004
,,,601005
,,,604001
,,,502001
,,,601007
,,,509007
SO-0017355,CU 0104796,3/11/09,
,,,902018
,,,902002
,,,903001
SO-0017356,CU 0104783,3/12/09,
SO-0017357,CU 0100774,3/12/09,
,,,202006
,,,804003
SO-0017358,CU 0103985,3/12/09,
,,,602010
SO-0017359,CU 0103985,3/12/09,
,,,301001
SO-0017362,CU 0104390,3/12/09,
,,,804011
,,,602019
,,,601002
,,,602010
,,,602012
,,,601003R
,,,602008
,,,601006
,,,601004
,,,601005
SO-0017363,CU 0101970,3/12/09,
,,,101001
,,,603001
,,,301001
,,,302001
,,,501001
,,,509002
,,,602020
,,,601002
,,,601006
,,,601003L
,,,602010
,,,602012
,,,601005
,,,601004
,,,602008
,,,101137
SO-0017364,CU 0104532,3/12/09,
,,,502006
,,,402002
,,,804015
,,,601015
,,,601014
,,,501001
,,,301001
,,,302002
SO-0017365,CU 0104707,3/12/09,
,,,403001
SO-0017366,CU 0104677,3/12/09,
,,,101001
,,,301001
,,,601006
,,,601002
,,,302001
,,,602019
,,,501001
,,,309001
,,,309003
,,,509002
,,,502001
SO-0017367,CU 0101634,3/12/09,
,,,502006XL
,,,502008
SO-0017368,CU 0104258,3/12/09,
,,,502005
,,,502005
SO-0017369,CU 0101893,3/12/09,
,,,401001Y
SO-0017370,CU 0101145,3/12/09,
,,,502008
SO-0017371,CU 0103188,3/12/09,
,,,804011
SO-0017372,CU 0104794,3/12/09,
SO-0017373,CU 0104779,3/12/09,
SO-0017374,CU 0104566,3/12/09,
,,,601002
,,,602019
,,,804026
SO-0017375,CU 0101396,3/12/09,
,,,602017
SO-0017376,CU 0104797,3/12/09,
,,,101001
,,,603001
,,,502001
,,,509002
,,,501001
,,,804004
,,,502005
SO-0017377,CU 0102831,3/12/09,
,,,601005
SO-0017378,CU 0104145,3/12/09,
,,,502006XL
SO-0017379,CU 0100414,3/12/09,
,,,202002
,,,202002
SO-0017380,CU 0100268,3/12/09,
,,,302002
SO-0017381,CU 0104798,3/12/09,
,,,902005
,,,901001
SO-0017382,CU 0101623,3/12/09,
,,,402002
SO-0017383,CU 0104799,3/12/09,
,,,804004
,,,804004
SO-0017385,CU 0100861,3/12/09,
,,,309001
SO-0017386,CU 0100414,3/12/09,
,,,302001
,,,509002
SO-0017387,CU 0103134,3/12/09,
,,,401001Y
SO-0017388,CU 0104515,3/12/09,
,,,604002
SO-0017389,CU 0100671,3/12/09,
,,,903002
SO-0017390,CU 0103307,3/12/09,
,,,101135
,,,109002
,,,301001
,,,501001
SO-0017391,CU 0104554,3/13/09,
,,,804011
SO-0017392,CU 0104576,3/13/09,
,,,601005
SO-0017393,CU 0104800,3/13/09,
,,,903002
,,,902019
SO-0017394,CU 0104801,3/13/09,
,,,101001
,,,603001
,,,301001
,,,302002
,,,502001
,,,501001
,,,601003L
,,,602010
,,,101137
,,,601004
,,,502006SM
,,,602017
,,,309002
,,,409106
,,,509002
,,,509007
SO-0017395,CU 0103980,3/13/09,
,,,509002
SO-0017396,CU 0101273,3/13/09,
,,,601002
,,,402002
,,,901004
SO-0017397,CU 0101673,3/13/09,
,,,309001
SO-0017398,CU 0104199,3/13/09,
,,,401001Y
SO-0017399,CU 0103298,3/13/09,
,,,804004
SO-0017400,CU 0103103,3/13/09,
,,,401001Y
SO-0017401,CU 0104532,3/13/09,
,,,403001
SO-0017402,CU 0104802,3/13/09,
,,,101001
,,,302001
,,,804010
,,,301001
,,,502001
,,,502005
,,,602018
,,,404001
,,,804013
,,,602016
,,,602010
,,,601002
,,,602019
,,,601004
,,,501001
,,,509002
SO-0017403,CU 0100706,3/13/09,
,,,502006SM
,,,502006XL
SO-0017404,CU 0100706,3/13/09,
,,,101208
SO-0017405,CU 0104803,3/13/09,
,,,101001
,,,603001
,,,404001
,,,602018
,,,804010
,,,502006XL
,,,502005
,,,202001
,,,302002
,,,301001
,,,502001
,,,804004
,,,101137
,,,109002
,,,101135
,,,501001
SO-0017406,CU 0104793,3/13/09,
,,,403001
SO-0017407,CU 0103542,3/13/09,
,,,403001
,,,403001
SO-0017408,CU 0101396,3/13/09,
,,,502006XL
,,,509003
,,,509007
SO-0017409,CU 0104804,3/13/09,
,,,903002
SO-0017410,CU 0103673,3/13/09,
,,,509007
,,,509002
SO-0017411,CU 0104797,3/13/09,
,,,403001
SO-0017412,CU 0104546,3/13/09,
,,,403001
SO-0017413,CU 0103078,3/13/09,
,,,403001
SO-0017414,CU 0103563,3/13/09,
,,,601005
SO-0017416,CU 0101396,3/13/09,
,,,502008
SO-0017417,CU 0103398,3/13/09,
,,,403001
SO-0017418,CU 0104805,3/13/09,
,,,101001
,,,502001
,,,603001
,,,302002
,,,301001
,,,502006SM
,,,804004
,,,804010
,,,402002
,,,501001
,,,509002
SO-0017419,CU 0101695,3/13/09,
,,,604001
,,,604001
SO-0017420,CU 0102139,3/13/09,
,,,603001
SO-0017421,CU 0103895,3/13/09,
,,,501002
,,,302002
,,,109001
,,,804010
,,,402002
SO-0017422,CU 0103895,3/13/09,
,,,403001
SO-0017423,CU 0104010,3/13/09,
,,,509002
,,,509007
SO-0017424,CU 0100669,3/13/09,
,,,101001
,,,101001
,,,302002
,,,301001
,,,501001
,,,502006XL
,,,502006SM
,,,502001
SO-0017425,CU 0104721,3/13/09,
,,,403001
SO-0017426,CU 0100669,3/13/09,
,,,401001Y
SO-0017427,CU 0100735,3/13/09,
,,,401001Y
,,,109008
SO-0017428,CU 0102048,3/13/09,
,,,601014
,,,602010
,,,804015
SO-0017429,CU 0104570,3/13/09,
SO-0017431,CU 0100264,3/13/09,
,,,309001
,,,309008
,,,309002
,,,509007
,,,509002
,,,309003
,,,502006XL
SO-0017432,CU 0104806,3/13/09,
,,,101001
,,,602010
,,,402002
,,,502006SM
,,,301001
,,,302002
,,,804014
,,,602018
,,,501001
,,,509002
,,,502001
,,,601002
,,,502005
,,,601004
,,,309001
,,,309003
SO-0017433,CU 0102357,3/13/09,
,,,302001
,,,301001
,,,309001
,,,309003
,,,502006
SO-0017434,CU 0104807,3/14/09,
,,,101001
,,,603001
,,,804011
,,,601002
,,,109002
,,,101135
,,,101137
,,,301001
,,,602012
,,,601003L
,,,602008
,,,302002
,,,601006
,,,602020
,,,602010
,,,601014
,,,502006SM
,,,502001
,,,601015
,,,402002
,,,109001
,,,804010
,,,502005
SO-0017435,CU 0101842,3/14/09,
,,,602012
,,,509002
,,,602010
SO-0017436,CU 0104808,3/14/09,
,,,101001
,,,101001
,,,403001
,,,804010
,,,302002
,,,804003
,,,201007
,,,202005
,,,309008
,,,301001
,,,604002
,,,309002
,,,804005
,,,603001
,,,601019
SO-0017437,CU 0103780,3/14/09,
,,,903001
,,,502005
,,,301001
SO-0017438,CU 0102386,3/14/09,
,,,601014
,,,602010
,,,302002
SO-0017439,CU 0104515,3/15/09,
,,,602020
,,,601005
,,,601002
SO-0017440,CU 0104809,3/15/09,
,,,404002
SO-0017441,CU 0103284,3/15/09,
,,,403001
SO-0017442,CU 0104810,3/15/09,
,,,101001
,,,101135
,,,502001
,,,502005
,,,109002
,,,309007
,,,604002
,,,603001
,,,202002
,,,301001
,,,302001
,,,309001
,,,501001
,,,509002
,,,804004
,,,101208
,,,201101
,,,601008
,,,601012
,,,602021
,,,101137
,,,601002
,,,502006SM
SO-0017443,CU 0103747,3/15/09,
,,,101001
,,,502001
,,,301001
,,,309004
,,,309002
,,,509002
,,,109002
,,,101135
,,,602010
,,,602016
,,,601003R
,,,501001
,,,602018
,,,602009
,,,804010
SO-0017444,CU 0104677,3/15/09,
,,,602012
,,,602010
,,,602016
,,,602019
SO-0017445,CU 0104811,3/16/09,
,,,101001
,,,804010
,,,501001
,,,603001
,,,202002
,,,302002
,,,301001
,,,502001
,,,502006SM
,,,201101
,,,309001
,,,309003
,,,604001
,,,101208
,,,601016
,,,601004
,,,602021
,,,101137
,,,502005
,,,804011
,,,602019
,,,602008
,,,804015
,,,509002
,,,402002
SO-0017446,CU 0104117,3/16/09,
,,,509002
SO-0017447,CU 0103859,3/16/09,
,,,602012
,,,301001
,,,501001
,,,602021
,,,603001
,,,804011
,,,804010
SO-0017448,CU 0103859,3/16/09,
,,,403001
SO-0017449,CU 0102733,3/16/09,
,,,409106
SO-0017450,CU 0104242,3/16/09,
,,,401001Y
SO-0017451,CU 0104540,3/16/09,
,,,903002
,,,903001
SO-0017452,CU 0104761,3/16/09,
,,,603001
,,,302002
,,,301001
,,,602012
,,,501001
,,,502005
,,,101137
,,,602010
,,,602008
,,,509002
SO-0017453,CU 0104812,3/16/09,
,,,903001
,,,901004
SO-0017454,CU 0100587,3/16/09,
,,,602105
SO-0017455,CU 0100195,3/16/09,
,,,203001
SO-0017456,CU 0104759,3/16/09,
,,,202003
SO-0017457,CU 0104813,3/16/09,
,,,903002
SO-0017458,CU 0104111,3/16/09,
,,,101001
,,,602018
,,,502001
,,,501001
,,,403001
,,,509007
,,,301001
,,,401001Y
,,,302001
SO-0017459,CU 0104814,3/16/09,
,,,902005
,,,901003
,,,903001
SO-0017460,CU 0101901,3/16/09,
,,,404001
SO-0017461,CU 0101778,3/16/09,
,,,509002
SO-0017462,CU 0103694,3/16/09,
,,,109001
SO-0017464,CU 0104815,3/16/09,
,,,902019
SO-0017465,CU 0103895,3/16/09,
,,,501002
,,,302002
,,,109001
,,,804010
,,,403001
,,,402002
SO-0017466,CU 0104739,3/16/09,
,,,404001
,,,404002
SO-0017467,CU 0104816,3/16/09,
,,,501001
,,,509002
,,,601008
SO-0017468,CU 0102236,3/16/09,
,,,804010
SO-0017470,CU 0101934,3/16/09,
,,,109008
SO-0017471,CU 0104245,3/16/09,
SO-0017472,CU 0100809,3/16/09,
,,,109002
,,,101135
SO-0017473,CU 0103411,3/16/09,
,,,601004
,,,601006
SO-0017474,CU 0104817,3/16/09,
,,,101001
,,,603001
,,,302001
,,,301001
,,,502001
,,,502006SM
,,,501001
,,,602020
,,,602012
,,,804010
,,,202004
,,,509007
SO-0017475,CU 0103701,3/16/09,
,,,804011
SO-0017476,CU 0100228,3/16/09,
,,,101001
,,,603001
,,,502001
,,,501001
,,,509002
,,,509007
,,,602010
,,,602012
,,,601014
,,,601002
,,,601003L
,,,601006
,,,602019
,,,402002
,,,404002
,,,804011
,,,101137
,,,302001
SO-0017477,CU 0104818,3/16/09,
,,,109001
SO-0017478,CU 0104463,3/16/09,
,,,403001
SO-0017482,CU 0104819,3/16/09,
,,,903002
,,,902020
SO-0017483,CU 0104820,3/17/09,
,,,101001
,,,302002
,,,502001
,,,502006SM
,,,602016
,,,602010
,,,101137
SO-0017484,CU 0103663,3/17/09,
,,,502005
,,,804014
,,,404001
,,,804011
,,,601005
,,,602020
SO-0017485,CU 0104821,3/17/09,
,,,101001
,,,101001
,,,501001
,,,603001
,,,309003
,,,301001
,,,302001
,,,309001
,,,309004
,,,601003L
,,,602008
,,,602020
,,,804026
,,,602021
,,,804011
,,,101137
,,,601002
,,,101208
,,,502001
,,,502005
SO-0017486,CU 0104123,3/17/09,
SO-0017487,CU 0104822,3/17/09,
,,,101001
,,,603001
,,,301001
,,,302001
,,,502001
,,,602012
,,,602010
,,,601008
,,,601006
,,,601002
,,,601003L
,,,602020
,,,501001
,,,509002
SO-0017488,CU 0104823,3/17/09,
,,,101001
,,,603001
,,,202002
,,,302002
,,,301001
,,,502001
,,,501001
,,,602020
,,,602008
,,,101208
,,,201101
,,,602010
,,,502006XL
,,,509002
SO-0017489,CU 0100442,3/17/09,
,,,502006XL
,,,502006SM
SO-0017490,CU 0100415,3/17/09,
,,,509002
SO-0017491,CU 0104810,3/17/09,
,,,403001
,,,401001Y
SO-0017492,CU 0101657,3/17/09,
,,,403001
SO-0017493,CU 0101200,3/17/09,
,,,302002
SO-0017494,CU 0103834,3/17/09,
,,,501002
,,,402001
,,,404001
SO-0017495,CU 0103999,3/17/09,
,,,602012
,,,602010
,,,201101
,,,601003L
,,,602020
,,,902017
,,,902018
SO-0017496,CU 0104463,3/17/09,
,,,603001
SO-0017498,CU 0100587,3/17/09,
,,,902013
,,,902005
,,,902017
,,,902006
,,,902018
,,,902008
,,,902007
,,,902019
,,,903002
,,,404001
SO-0017499,CU 0104799,3/17/09,
,,,101001
,,,101001
,,,402002
,,,501001
,,,509002
SO-0017500,CU 0102133,3/17/09,
,,,501002
,,,804026
,,,502006SM
,,,502006XL
,,,601004
,,,509002
SO-0017501,CU 0100713,3/17/09,
,,,502006
,,,502006
SO-0017502,CU 0101813,3/17/09,
,,,CS1002
SO-0017503,CU 0103698,3/17/09,
,,,509007
SO-0017504,CU 0100602,3/17/09,
,,,403001
SO-0017505,CU 0104824,3/17/09,
,,,903001
,,,601002
,,,602012
,,,109001
,,,309003
,,,602019
,,,309001
,,,509002
,,,301001
,,,601004
,,,601012
,,,804011
SO-0017506,CU 0104825,3/17/09,
,,,101001
,,,301001
,,,603001
,,,302002
,,,502001
,,,502006SM
,,,502005
,,,501001
,,,804003
,,,602012
,,,602020
,,,602008
,,,602019
,,,602010
,,,601006
,,,601002
,,,601003L
,,,602021
,,,601012
,,,601004
,,,601008
,,,509002
,,,402002
,,,109001
,,,109002
,,,101135
,,,309007
,,,101137
SO-0017507,CU 0104761,3/17/09,
,,,403001
SO-0017508,CU 0102420,3/17/09,
,,,101001
,,,603001
,,,502001
,,,501001
,,,602012
,,,804011
,,,602010
,,,509002
,,,109002
,,,804026
SO-0017509,CU 0104609,3/17/09,
,,,403001
SO-0017510,CU 0100602,3/17/09,
,,,401001Y
,,,403001
SO-0017511,CU 0101489,3/17/09,
,,,301001
SO-0017512,CU 0104437,3/17/09,
,,,601002
,,,602010
,,,602016
,,,601003L
,,,301001
,,,309003
,,,501001
SO-0017513,CU 0104437,3/17/09,
,,,403001
SO-0017515,CU 0102945,3/17/09,
,,,602010
,,,601004
SO-0017516,CU 0104810,3/17/09,
SO-0017517,CU 0103927,3/17/09,
,,,602022
SO-0017518,CU 0103962,3/17/09,
,,,401001Y
,,,403001
SO-0017519,CU 0104825,3/17/09,
,,,403001
SO-0017520,CU 0103999,3/17/09,
,,,401001Y
SO-0017521,CU 0104817,3/17/09,
,,,403001
SO-0017522,CU 0103568,3/17/09,
,,,602020
SO-0017523,CU 0104816,3/17/09,
,,,401001Y
SO-0017524,CU 0104677,3/17/09,
,,,401001Y
SO-0017525,CU 0104651,3/17/09,
,,,804010
SO-0017526,CU 0101948,3/17/09,
,,,602016
SO-0017527,CU 0104451,3/18/09,
,,,502006XL
SO-0017528,CU 0100115,3/18/09,
,,,502006XL
SO-0017529,CU 0102378,3/18/09,
,,,403001
SO-0017530,CU 0104827,3/18/09,
,,,903001
SO-0017531,CU 0104828,3/18/09,
,,,101001
,,,202006
,,,603001
,,,302002
,,,502001
,,,602012
,,,501001
,,,509002
,,,101137
,,,602017
SO-0017532,CU 0104829,3/18/09,
,,,101001
,,,509002
,,,603001
,,,502001
,,,302002
,,,301001
,,,501001
,,,404001
,,,804015
,,,602020
,,,804026
,,,804010
,,,601005
,,,601004
,,,602021
,,,101137
,,,602019
,,,309004
,,,309002
,,,804003
,,,804004
,,,902003
,,,101208
SO-0017533,CU 0104830,3/18/09,
,,,101001
,,,302001
,,,502001
,,,502005
,,,301001
,,,309001
,,,309003
,,,804015
,,,101208
,,,402002
,,,101135
,,,101137
,,,109001
,,,602010
,,,109002
,,,602016
,,,602012
,,,601002
,,,602021
,,,601008
,,,804013
,,,902017
,,,902018
,,,902019
,,,902020
,,,903001
,,,902002
,,,902006
SO-0017534,CU 0104636,3/18/09,
,,,502005
SO-0017535,CU 0104831,3/18/09,
SO-0017536,CU 0103252,3/18/09,
,,,401001Y
SO-0017537,CU 0104822,3/18/09,
,,,403001
SO-0017538,CU 0100713,3/18/09,
,,,502008
SO-0017539,CU 0100397,3/18/09,
,,,502006SM
SO-0017540,CU 0104243,3/18/09,
,,,804013
,,,509007
,,,309003
,,,309002
,,,309001
SO-0017541,CU 0100706,3/18/09,
,,,502006SM
,,,502006XL
SO-0017542,CU 0103586,3/18/09,
,,,401001Y
SO-0017543,CU 0104073,3/18/09,
,,,509002
,,,602012
,,,602010
SO-0017544,CU 0104664,3/18/09,
,,,403001
,,,401001Y
SO-0017545,CU 0104829,3/18/09,
,,,403001
SO-0017548,CU 0104826,3/18/09,
,,,CS1001
,,,CS1000
,,,101001
SO-0017549,CU 0100132,3/18/09,
,,,CS1000
SO-0017550,CU 0100893,3/18/09,
,,,502006SM
,,,502006XL
SO-0017551,CU 0104235,3/18/09,
,,,403001
SO-0017552,CU 0104833,3/18/09,
,,,101001
,,,202002
,,,603001
,,,301001
,,,502005
,,,502001
,,,501001
,,,509002
,,,302001
,,,804010
,,,101135
,,,109002
,,,903001
SO-0017553,CU 0101645,3/18/09,
,,,302001
,,,309001
,,,501001
SO-0017554,CU 0102178,3/18/09,
,,,403001
SO-0017555,CU 0104502,3/18/09,
,,,502006
,,,502006
SO-0017556,CU 0101033,3/18/09,
,,,502006SM
,,,502006XL
,,,502008
SO-0017558,CU 0104552,3/18/09,
,,,602020
SO-0017559,CU 0104081,3/18/09,
,,,804010
SO-0017560,CU 0101717,3/18/09,
,,,202002
,,,NI4060
SO-0017561,CU 0103817,3/18/09,
,,,602008
,,,602020
SO-0017562,CU 0101929,3/18/09,
,,,804013
SO-0017565,CU 0101431,3/18/09,
,,,602008
,,,804010
,,,601003R
SO-0017566,CU 0104663,3/18/09,
SO-0017567,CU 0103898,3/18/09,
,,,501001
,,,604001
,,,601003L
,,,602010
,,,601002
SO-0017568,CU 0104689,3/19/09,
SO-0017569,CU 0103861,3/19/09,
,,,202005
SO-0017570,CU 0103226,3/19/09,
SO-0017571,CU 0104645,3/19/09,
,,,401001Y
SO-0017572,CU 0102844,3/19/09,
,,,401001Y
,,,403001
SO-0017573,CU 0103471,3/19/09,
,,,101001
,,,502001
,,,603001
,,,302002
,,,301001
,,,501001
,,,602020
,,,602010
,,,804013
SO-0017574,CU 0100647,3/19/09,
,,,902006
,,,903001
,,,903002
SO-0017575,CU 0104834,3/19/09,
,,,902018
SO-0017576,CU 0100935,3/19/09,
,,,509002
SO-0017578,CU 0101658,3/19/09,
,,,602022
SO-0017580,CU 0104664,3/19/09,
SO-0017581,CU 0104571,3/19/09,
SO-0017582,CU 0103982,3/19/09,
,,,101135
,,,109002
,,,509007
,,,604002
,,,404002
,,,109001
,,,502006XL
SO-0017583,CU 0100594,3/19/09,
,,,404001
SO-0017584,CU 0101515,3/19/09,
,,,101135
,,,109002
SO-0017585,CU 0104734,3/19/09,
,,,403001
SO-0017586,CU 0103648,3/19/09,
,,,101001
,,,603001
,,,202001
,,,302002
,,,501001
,,,309003
,,,602010
,,,601002
,,,804010
,,,601014
,,,601015
,,,601008
,,,604001
,,,509002
,,,109001
,,,109002
,,,101135
,,,402002
,,,804005
SO-0017587,CU 0100739,3/19/09,
,,,502006SM
,,,404001
,,,903002
SO-0017588,CU 0101431,3/19/09,
,,,601003R
,,,602008
,,,804010
SO-0017590,CU 0103648,3/19/09,
,,,401001Y
SO-0017591,CU 0102991,3/19/09,
,,,501001
,,,509007
,,,301001
,,,502006SM
,,,401001Y
,,,601015
,,,901007
,,,903002
,,,903001
SO-0017592,CU 0103920,3/19/09,
,,,101001
,,,603001
,,,501001
,,,602020
,,,301001
,,,101137
,,,101208
,,,604002
,,,804011
,,,509007
,,,502001
SO-0017593,CU 0104394,3/20/09,
,,,101001
,,,502001
SO-0017594,CU 0104835,3/20/09,
,,,101001
,,,603001
,,,302002
,,,301001
,,,502001
,,,501001
,,,509002
,,,502006XL
,,,804004
,,,804015
,,,602020
,,,309001
,,,309002
,,,109001
,,,101135
,,,109002
,,,601003L
,,,602012
,,,602010
,,,601006
,,,601002
,,,604002
,,,804011
,,,101137
,,,601004
,,,601005
,,,402002
SO-0017595,CU 0101954,3/20/09,
,,,502005
,,,509007
,,,601002
,,,604002
,,,901001
,,,409110
SO-0017596,CU 0103388,3/20/09,
,,,501001
,,,804015
,,,401001Y
,,,903001
,,,902007
,,,901001
,,,502005
SO-0017597,CU 0104355,3/20/09,
,,,409110
,,,601002
,,,502006SM
,,,502006XL
,,,401001Y
,,,101135
,,,109002
,,,901001
,,,901005
SO-0017598,CU 0104780,3/20/09,
,,,509103
,,,509103
,,,509103
SO-0017599,CU 0104836,3/20/09,
,,,903002
SO-0017600,CU 0104355,3/20/09,
,,,401001Y
SO-0017601,CU 0103252,3/20/09,
,,,602012
SO-0017602,CU 0104388,3/20/09,
,,,602010
,,,601004
,,,601005
SO-0017603,CU 0104729,3/20/09,
,,,401001Y
,,,403001
SO-0017604,CU 0104285,3/20/09,
,,,902017
,,,902018
,,,903001
,,,903002
SO-0017605,CU 0104403,3/20/09,
,,,401001Y
,,,604002
SO-0017606,CU 0103978,3/20/09,
,,,109001
SO-0017607,CU 0104715,3/20/09,
,,,302002
,,,903001
SO-0017609,CU 0104342,3/20/09,
,,,603001
,,,301001
,,,502006SM
,,,501001
,,,804010
,,,602020
,,,509002
SO-0017610,CU 0104715,3/20/09,
,,,402002
SO-0017611,CU 0103660,3/20/09,
,,,902018
SO-0017613,CU 0104259,3/20/09,
,,,502005
,,,601003L
,,,601004
,,,602010
,,,602012
,,,903002
SO-0017614,CU 0104643,3/20/09,
,,,902050
,,,902051
SO-0017615,CU 0104843,3/22/09,
,,,101001
,,,603001
,,,302001
,,,301001
,,,502001
,,,502006SM
,,,502005
,,,101208
,,,101137
,,,804011
,,,109002
,,,202006
,,,602017
,,,602021
,,,109001
,,,804010
,,,101135
SO-0017616,CU 0104467,3/20/09,
,,,902051
,,,902033
,,,903001
SO-0017618,CU 0104036,3/20/09,
,,,302002
,,,502006SM
,,,804010
SO-0017619,CU 0103663,3/20/09,
,,,403001
SO-0017620,CU 0103942,3/20/09,
,,,602010
,,,602008
,,,602012
,,,601002
,,,509003
SO-0017621,CU 0104837,3/20/09,
,,,101001
SO-0017622,CU 0104760,3/20/09,
,,,403001
SO-0017623,CU 0104342,3/20/09,
,,,403001
SO-0017624,CU 0104036,3/20/09,
,,,603001
,,,404002
,,,602020
SO-0017625,CU 0104470,3/20/09,
,,,501001
,,,502006SM
,,,309001
,,,309003
,,,509002
,,,404001
,,,601002
,,,602010
,,,601004
,,,602012
,,,602020
,,,601006
,,,602017
SO-0017626,CU 0100662,3/20/09,
,,,501001
SO-0017628,CU 0104470,3/20/09,
,,,403001
,,,401001Y
SO-0017629,CU 0100734,3/20/09,
,,,601014
SO-0017630,CU 0100536,3/20/09,
,,,502006
,,,903002
SO-0017631,CU 0104830,3/20/09,
,,,403001
,,,401001Y
SO-0017632,CU 0102394,3/20/09,
,,,903001
,,,903002
SO-0017633,CU 0104838,3/21/09,
,,,101001
,,,804010
,,,403001
,,,501002
,,,301001
,,,602008
,,,601003L
,,,602012
,,,302002
,,,604002
,,,804003
,,,202006
,,,603001
SO-0017634,CU 0101314,3/21/09,
,,,402002
SO-0017635,CU 0104735,3/21/09,
,,,602010
,,,602012
,,,601017
SO-0017636,CU 0104839,3/21/09,
,,,101001
,,,202001
,,,603001
,,,302002
,,,301001
,,,502001
,,,501001
,,,502005
,,,804003
,,,804004
,,,404001
,,,602020
,,,804014
,,,309001
,,,309003
,,,601003L
,,,602016
,,,602008
,,,604002
,,,101208
,,,201101
,,,602021
,,,101137
,,,804011
,,,804010
,,,601008
,,,509002
SO-0017637,CU 0104734,3/21/09,
,,,101137
,,,502005
SO-0017638,CU 0104145,3/21/09,
,,,501002
,,,509002
,,,502006XL
,,,509007
SO-0017639,CU 0104145,3/21/09,
SO-0017640,CU 0102826,3/21/09,
,,,501001
,,,509007
SO-0017641,CU 0104145,3/21/09,
SO-0017642,CU 0103277,3/21/09,
,,,601005
,,,602012
,,,604002
SO-0017643,CU 0104659,3/21/09,
,,,501001
,,,601002
,,,502005
,,,804011
,,,602019
,,,109002
,,,101135
,,,602010
SO-0017644,CU 0102834,3/21/09,
,,,602016
SO-0017645,CU 0104741,3/21/09,
,,,501002
,,,502006XL
,,,903001
,,,109002
,,,101135
,,,509002
,,,602008
SO-0017646,CU 0104840,3/21/09,
,,,902007
SO-0017647,CU 0104841,3/21/09,
,,,101001
,,,101001
,,,101001
,,,603001
,,,501002
,,,501001
,,,502006SM
,,,301001
,,,804010
,,,302002
,,,502001
,,,604002
,,,201007
,,,804015
,,,509007
SO-0017648,CU 0104842,3/22/09,
,,,101001
SO-0017650,CU 0100195,3/22/09,
,,,903002
SO-0017651,CU 0103677,3/22/09,
,,,403001
,,,401001Y
,,,302002
,,,309003
,,,501001
,,,509002
,,,804014
,,,804010
,,,309001
,,,804003
,,,804004
,,,101135
SO-0017653,CU 0103827,3/22/09,
,,,101001
,,,302001
,,,301001
,,,602010
,,,501001
,,,601006
,,,601002
,,,601003L
,,,601003R
,,,602016
,,,601007
,,,602009
,,,601004
,,,601005
,,,509002
,,,602020
,,,602018
,,,601002
SO-0017654,CU 0103056,3/23/09,
,,,301001
,,,501001
,,,601003L
,,,602010
,,,604002
,,,804011
,,,101135
,,,109002
,,,309004
,,,509007
,,,602012
,,,109001
,,,601004
,,,402002
SO-0017656,CU 0104830,3/23/09,
SO-0017657,CU 0102420,3/23/09,
,,,502006XL
,,,502008
SO-0017658,CU 0101306,3/23/09,
,,,404001
SO-0017659,CU 0102944,3/23/09,
,,,804026
,,,601012
,,,601004
SO-0017660,CU 0100494,3/23/09,
,,,101001
,,,502001
,,,502005
,,,601002
,,,601006
SO-0017661,CU 0104759,3/23/09,
,,,403001
,,,401001Y
SO-0017662,CU 0103543,3/23/09,
,,,402002
SO-0017663,CU 0104806,3/23/09,
,,,403001
,,,401001Y
SO-0017664,CU 0100001,3/23/09,
,,,101170
SO-0017665,CU 0102368,3/23/09,
,,,401001Y
SO-0017666,CU 0104835,3/23/09,
,,,403001
,,,401001Y
SO-0017667,CU 0100001,3/23/09,
,,,101170
SO-0017668,CU 0104747,3/23/09,
,,,403001
,,,401001Y
SO-0017669,CU 0103198,3/23/09,
SO-0017670,CU 0101396,3/23/09,
SO-0017671,CU 0100058,3/23/09,
,,,309001
,,,309003
,,,501001
,,,509002
,,,602022
,,,404002
,,,502006SM
SO-0017672,CU 0102621,3/23/09,
,,,403001
SO-0017673,CU 0100058,3/23/09,
,,,401001Y
SO-0017674,CU 0104742,3/23/09,
,,,404002
SO-0017675,CU 0103982,3/23/09,
,,,403001
SO-0017676,CU 0101276,3/23/09,
,,,601002
SO-0017677,CU 0101954,3/23/09,
,,,403001
,,,401001Y
SO-0017678,CU 0100024,3/23/09,
,,,404002
SO-0017679,CU 0100419,3/23/09,
,,,309002
SO-0017680,CU 0100134,3/23/09,
,,,901001
SO-0017681,CU 0104413,3/23/09,
,,,601015
,,,601016
,,,602008
,,,601006
,,,601002
,,,509002
SO-0017682,CU 0104287,3/23/09,
,,,804026
SO-0017683,CU 0101114,3/23/09,
,,,403001
SO-0017684,CU 0104633,3/23/09,
,,,403001
SO-0017685,CU 0104358,3/23/09,
,,,101001
,,,101001
,,,302002
,,,301001
,,,502001
,,,402002
,,,502006XL
,,,501001
,,,602018
,,,804015
,,,601007
,,,602009
,,,804026
,,,601003L
,,,602010
,,,602016
,,,602012
,,,804010
,,,601003R
,,,601006
,,,309003
,,,309001
,,,509002
SO-0017686,CU 0104052,3/23/09,
,,,601002
,,,404001
SO-0017687,CU 0102279,3/23/09,
,,,202003
,,,509002
,,,202003
,,,509002
SO-0017688,CU 0104556,3/23/09,
,,,502005
SO-0017689,CU 0104844,3/23/09,
,,,101001
,,,302002
,,,501001
,,,509002
,,,502001
,,,804010
SO-0017690,CU 0104727,3/23/09,
,,,403001
SO-0017691,CU 0101862,3/23/09,
,,,401001Y
SO-0017692,CU 0104845,3/23/09,
,,,903002
SO-0017693,CU 0101366,3/23/09,
,,,502006XL
,,,501001
SO-0017694,CU 0104439,3/24/09,
,,,101001
,,,109001
,,,101135
,,,409106
,,,602008
,,,602012
,,,603001
,,,602020
,,,601002
,,,309001
,,,309003
,,,602019
,,,602010
,,,109002
,,,409110
,,,902019
SO-0017695,CU 0104846,3/24/09,
,,,502006SM
SO-0017696,CU 0104847,3/24/09,
,,,101001
,,,101001
,,,101001
,,,101001
,,,101001
,,,101001
,,,101001
,,,101001
,,,101001
SO-0017697,CU 0104848,3/24/09,
,,,101001
,,,502001
,,,502005
,,,604002
,,,601005
SO-0017698,CU 0104849,3/24/09,
,,,101001
,,,603001
,,,202001
,,,302002
,,,301001
,,,502001
,,,501001
,,,502006SM
,,,804013
,,,804010
,,,604002
SO-0017699,CU 0103253,3/24/09,
,,,302001
,,,601006
,,,601002
,,,602008
SO-0017700,CU 0104850,3/24/09,
,,,101001
SO-0017701,CU 0104675,3/24/09,
,,,601012
,,,601002
SO-0017702,CU 0104830,3/24/09,
,,,601015
SO-0017703,CU 0104213,3/24/09,
,,,502006XL
SO-0017704,CU 0102279,3/24/09,
,,,202003
,,,509002
,,,202003
SO-0017705,CU 0104852,3/24/09,
,,,101001
,,,302002
,,,602010
,,,404001
,,,602016
,,,501001
,,,509002
,,,101137
,,,601014
,,,502001
SO-0017707,CU 0104811,3/24/09,
,,,403001
SO-0017709,CU 0103701,3/24/09,
,,,501001
SO-0017710,CU 0104807,3/24/09,
,,,403001
SO-0017711,CU 0104841,3/24/09,
,,,403001
,,,401001Y
SO-0017712,CU 0104243,3/24/09,
,,,602022
,,,501002
SO-0017713,CU 0103606,3/24/09,
,,,501001
SO-0017714,CU 0100644,3/24/09,
,,,404001
,,,404001
SO-0017715,CU 0101540,3/24/09,
,,,601002
,,,602019
SO-0017716,CU 0104802,3/24/09,
,,,403001
,,,401001Y
SO-0017717,CU 0101580,3/24/09,
,,,804011
SO-0017718,CU 0100164,3/24/09,
,,,202001
SO-0017720,CU 0102839,3/25/09,
,,,602008
,,,602010
,,,601002
,,,501001
,,,502005
,,,601004
,,,902017
,,,902006
,,,903001
SO-0017721,CU 0104853,3/25/09,
,,,101001
,,,603001
,,,302002
,,,301001
,,,501002
,,,502005
,,,502001
,,,602018
,,,404001
,,,804015
,,,601007
,,,602009
,,,602020
,,,804014
,,,309001
,,,309003
,,,601003L
,,,601003R
,,,602016
,,,602012
,,,602008
,,,602010
,,,601006
,,,601002
,,,604002
,,,604001
,,,101208
,,,804011
,,,101137
,,,602021
,,,601014
,,,601015
,,,601016
,,,101164
,,,602017
,,,501001
,,,509002
,,,509007
,,,109001
,,,101135
,,,109002
,,,509005
,,,402002
,,,409106
SO-0017722,CU 0103962,3/25/09,
SO-0017723,CU 0104851,3/25/09,
,,,101001
,,,101001
,,,302002
,,,301001
,,,502001
,,,501001
,,,502005
,,,502006SM
,,,804010
,,,601003L
,,,309001
,,,309003
,,,902008
,,,603001
,,,604001
,,,602021
,,,101137
,,,601004
,,,602010
,,,509003
,,,109001
,,,509007
,,,101135
,,,109002
,,,409106
,,,402002
SO-0017724,CU 0102498,3/25/09,
,,,403001
SO-0017725,CU 0104854,3/25/09,
,,,901001
,,,602012
,,,601003R
,,,602008
,,,601006
,,,309007
,,,509002
,,,601002
,,,602010
,,,101137
,,,601004
,,,901001
,,,602012
,,,601003R
,,,602008
,,,601006
,,,309007
,,,601002
,,,602010
,,,101137
,,,601004
SO-0017726,CU 0104849,3/25/09,
,,,403001
SO-0017727,CU 0104811,3/25/09,
,,,202003
SO-0017728,CU 0101551,3/25/09,
,,,404002
SO-0017729,CU 0104855,3/25/09,
,,,902018
,,,901001
,,,903001
,,,902001
,,,902006
,,,902007
SO-0017730,CU 0103747,3/25/09,
,,,403001
,,,401001Y
SO-0017731,CU 0100138,3/25/09,
,,,101001
,,,101001
,,,502001
SO-0017732,CU 0101985,3/25/09,
,,,302103
,,,302119
,,,302120
SO-0017733,CU 0104029,3/25/09,
,,,403001
SO-0017734,CU 0104852,3/25/09,
,,,403001
,,,401001Y
SO-0017735,CU 0104794,3/25/09,
,,,603001
,,,804011
,,,302001
,,,502006
,,,502005
,,,903002
,,,601005
,,,402002
SO-0017736,CU 0100512,3/25/09,
,,,CS1002
SO-0017737,CU 0100512,3/25/09,
,,,CS1002
SO-0017738,CU 0104857,3/25/09,
,,,101001
,,,603001
,,,101135
,,,402002
,,,309001
,,,309003
,,,604002
,,,602019
,,,502001
,,,502005
,,,501001
,,,509002
,,,301001
,,,602012
,,,601003L
,,,602008
,,,302002
,,,601016
SO-0017740,CU 0104768,3/25/09,
SO-0017741,CU 0104851,3/25/09,
,,,403001
,,,401001Y
SO-0017743,CU 0104858,3/25/09,
,,,101001
,,,502005
,,,509002
,,,302001
,,,402002
,,,603001
,,,502001
,,,501001
,,,804004
SO-0017744,CU 0104858,3/25/09,
,,,403001
SO-0017745,CU 0104794,3/25/09,
,,,403001
SO-0017747,CU 0102762,3/25/09,
,,,601004
SO-0017748,CU 0104837,3/25/09,
,,,603001
,,,501001
,,,804006
,,,502001
,,,509002
,,,202002
,,,403001
,,,401001Y
,,,502006SM
,,,302001
SO-0017749,CU 0102385,3/26/09,
,,,604002
,,,604001
,,,309001
SO-0017750,CU 0102843,3/26/09,
,,,101001
,,,502001
,,,603001
,,,601003L
,,,602012
,,,302001
,,,301001
,,,309001
,,,509002
,,,309003
,,,601006
,,,601002
,,,804015
,,,804010
,,,402002
,,,602010
SO-0017751,CU 0104585,3/26/09,
,,,602010
,,,602008
SO-0017752,CU 0102926,3/26/09,
,,,101163
SO-0017753,CU 0100614,3/26/09,
,,,401001Y
SO-0017754,CU 0100614,3/26/09,
,,,509002
,,,602017
,,,602021
SO-0017755,CU 0103056,3/26/09,
,,,401001Y
SO-0017756,CU 0104833,3/26/09,
,,,401001Y
,,,403001
SO-0017757,CU 0104483,3/26/09,
,,,101208
SO-0017758,CU 0104859,3/26/09,
,,,902020
,,,902018
,,,902017
,,,903002
,,,902022
SO-0017759,CU 0104821,3/26/09,
,,,403001
,,,401001Y
SO-0017760,CU 0104502,3/26/09,
,,,502006
SO-0017761,CU 0104340,3/26/09,
,,,602022
SO-0017763,CU 0100360,3/26/09,
,,,603001
,,,404002
,,,109002
,,,101135
,,,509007
,,,804010
,,,502006SM
,,,501001
,,,302002
,,,901008
,,,901007
,,,903001
SO-0017764,CU 0101987,3/26/09,
,,,501001
,,,109002
,,,101135
,,,109001
,,,509002
SO-0017765,CU 0104213,3/26/09,
,,,509007
SO-0017766,CU 0102762,3/26/09,
,,,101001
,,,601007
,,,601004
,,,601005
,,,601002
,,,602010
,,,602018
,,,804011
SO-0017767,CU 0102667,3/26/09,
,,,404001
,,,401001Y
SO-0017768,CU 0102667,3/27/09,
,,,101137
SO-0017769,CU 0104853,3/27/09,
,,,403001
SO-0017770,CU 0103314,3/27/09,
,,,401001Y
SO-0017771,CU 0103314,3/27/09,
,,,501001
,,,402002
SO-0017772,CU 0103655,3/27/09,
,,,502008
SO-0017773,CU 0104839,3/27/09,
,,,403001
SO-0017774,CU 0100013,3/27/09,
,,,602022
,,,101137
,,,502006XL
SO-0017775,CU 0100535,3/27/09,
,,,402002
,,,602022
,,,602105
SO-0017776,CU 0101316,3/27/09,
,,,309002
SO-0017777,CU 0101927,3/27/09,
,,,309002
SO-0017778,CU 0100772,3/27/09,
,,,602105
SO-0017779,CU 0104760,3/27/09,
,,,804026
SO-0017780,CU 0101635,3/27/09,
,,,602020
,,,NI4060
SO-0017781,CU 0104388,3/27/09,
,,,601012
SO-0017782,CU 0104697,3/27/09,
,,,309003
SO-0017783,CU 0102645,3/27/09,
,,,602020
SO-0017784,CU 0101588,3/27/09,
,,,601016
SO-0017786,CU 0104739,3/27/09,
,,,301001
SO-0017787,CU 0102843,3/27/09,
,,,401001Y
,,,403001
SO-0017788,CU 0103141,3/27/09,
,,,502006
SO-0017789,CU 0100049,3/27/09,
,,,309007
,,,404002
SO-0017790,CU 0104130,3/27/09,
,,,403001
,,,401001Y
SO-0017791,CU 0103719,3/27/09,
,,,402001
,,,101208
,,,602008
SO-0017792,CU 0104739,3/27/09,
,,,502005
SO-0017793,CU 0102031,3/27/09,
,,,502005
SO-0017794,CU 0102031,3/27/09,
,,,401001Y
SO-0017795,CU 0104682,3/27/09,
,,,403001
,,,401001Y
SO-0017796,CU 0104860,3/27/09,
,,,101001
,,,101001
,,,603001
,,,602012
,,,602020
,,,403001
,,,202001
,,,401001Y
,,,601003L
,,,502006XL
,,,301001
,,,501001
,,,502001
,,,302001
,,,804010
SO-0017797,CU 0100144,3/30/09,
,,,602016
SO-0017798,CU 0104687,3/30/09,
,,,403001
SO-0017799,CU 0104420,3/30/09,
SO-0017800,CU 0101333,3/30/09,
,,,602019
,,,601002
SO-0017801,CU 0100034,3/30/09,
,,,302002
,,,509002
,,,109002
,,,101135
,,,502006SM
SO-0017802,CU 0100034,3/30/09,
,,,502006XL
,,,501001
,,,509007
SO-0017803,CU 0102391,3/30/09,
,,,901003
,,,901002
,,,903001
,,,903002
SO-0017805,CU 0103827,3/30/09,
,,,602018
,,,602020
,,,601002
SO-0017806,CU 0102627,3/30/09,
,,,404002
,,,601015
,,,309002
,,,509007
,,,309001
,,,602008
,,,601002
,,,903001
,,,109002
,,,101135
,,,602019
SO-0017807,CU 0104862,3/30/09,
,,,101001
,,,302001
,,,501001
,,,502001
,,,603001
,,,804004
,,,509002
,,,101137
SO-0017808,CU 0101918,3/30/09,
,,,501001
,,,509007
SO-0017809,CU 0101634,3/30/09,
,,,804004
SO-0017810,CU 0104863,3/30/09,
,,,902002
SO-0017811,CU 0103069,3/30/09,
,,,404002
,,,309007
,,,509007
SO-0017812,CU 0101635,3/30/09,
,,,404002
SO-0017813,CU 0104797,3/30/09,
,,,601003L
,,,602010
,,,601002
,,,302001
,,,602012
,,,601006
,,,601005
,,,901001
SO-0017814,CU 0104864,3/30/09,
,,,509007
,,,309002
,,,404002
SO-0017815,CU 0104865,3/30/09,
,,,101001
,,,502001
SO-0017818,CU 0103370,3/30/09,
,,,202002
,,,602010
,,,804010
,,,601008
,,,202003
SO-0017819,CU 0104866,3/30/09,
,,,902007
,,,902006
SO-0017820,CU 0103962,3/30/09,
SO-0017821,CU 0103370,3/30/09,
,,,401001Y
,,,402001
SO-0017822,CU 0103719,3/30/09,
,,,402001
,,,101208
,,,602008
SO-0017823,CU 0103895,3/30/09,
,,,509002
SO-0017824,CU 0104867,3/30/09,
,,,902017
SO-0017825,CU 0104868,3/30/09,
,,,903002
SO-0017826,CU 0104341,3/30/09,
,,,401001Y
,,,404002
,,,402002
,,,501002
,,,509007
,,,502006XL
,,,302002
,,,309007
,,,602010
,,,602016
,,,602012
,,,601007
,,,601015
,,,601014
,,,602008
,,,601002
,,,109002
,,,101135
,,,101137
SO-0017827,CU 0104869,3/30/09,
,,,101001
,,,603001
,,,202004
,,,502001
,,,502006XL
,,,302001
,,,402001
,,,501001
,,,301001
,,,804010
,,,402002
,,,109002
,,,804004
SO-0017828,CU 0104107,3/30/09,
,,,602010
,,,601014
,,,302002
,,,602021
,,,804011
,,,601015
SO-0017829,CU 0101597,3/30/09,
,,,903002
SO-0017830,CU 0104870,3/30/09,
,,,101001
,,,603001
,,,302002
,,,301001
,,,502001
,,,501001
,,,502005
,,,804004
,,,602020
,,,601005
SO-0017831,CU 0104870,3/30/09,
,,,101001
,,,603001
,,,202004
,,,202005
,,,302002
,,,301001
,,,502001
,,,501001
,,,502006SM
,,,804004
,,,602020
,,,804014
,,,602012
,,,602008
,,,602010
,,,601002
,,,602021
,,,602019
,,,601012
,,,601004
,,,601005
,,,601008
SO-0017832,CU 0100198,3/30/09,
,,,109001
SO-0017833,CU 0101323,3/30/09,
,,,502006XL
,,,502006SM
,,,502008
SO-0017834,CU 0100796,3/30/09,
,,,601008
SO-0017835,CU 0103838,3/30/09,
,,,602012
,,,602010
,,,602017
,,,404001
,,,309001
,,,309003
,,,509002
,,,804011
SO-0017836,CU 0104871,3/30/09,
,,,902005
SO-0017837,CU 0104806,3/30/09,
,,,804026
SO-0017838,CU 0103579,3/30/09,
,,,403001
SO-0017839,CU 0103026,3/30/09,
,,,501002
,,,501001
SO-0017840,CU 0104872,3/30/09,
,,,901002
,,,901001
SO-0017841,CU 0104107,3/30/09,
,,,403001
SO-0017842,CU 0101895,3/30/09,
,,,502006SM
SO-0017843,CU 0104873,3/30/09,
,,,101135
SO-0017844,CU 0100023,3/30/09,
,,,602010
,,,509002
SO-0017845,CU 0104175,3/30/09,
,,,109002
SO-0017846,CU 0101970,3/30/09,
SO-0017847,CU 0100543,3/30/09,
,,,309001
,,,309003
,,,509002
,,,502005
,,,804015
,,,804013
,,,804026
,,,501001
,,,309003
,,,509007
,,,309001
,,,502006XL
SO-0017848,CU 0100595,3/30/09,
,,,502008
SO-0017849,CU 0100661,3/30/09,
,,,602022
SO-0017850,CU 0101573,3/30/09,
,,,502008
SO-0017851,CU 0102259,3/30/09,
,,,804004
SO-0017852,CU 0104674,3/30/09,
,,,602012
SO-0017853,CU 0104516,3/30/09,
,,,403001
SO-0017854,CU 0104874,3/30/09,
,,,109001
SO-0017855,CU 0100713,3/30/09,
,,,309004
SO-0017856,CU 0101200,3/30/09,
,,,404001
SO-0017857,CU 0102319,3/30/09,
,,,201101
SO-0017859,CU 0104861,3/30/09,
,,,401001Y
,,,403001
SO-0017860,CU 0102524,3/30/09,
SO-0017861,CU 0102524,3/30/09,
,,,902053
SO-0017862,CU 0104623,3/30/09,
,,,403001
SO-0017863,CU 0103994,3/30/09,
,,,502005
SO-0017864,CU 0101032,3/31/09,
,,,502006XL
SO-0017865,CU 0103078,3/31/09,
,,,301001
,,,109001
,,,601017
SO-0017866,CU 0100757,3/31/09,
,,,509002
SO-0017867,CU 0104428,3/31/09,
,,,101135
SO-0017868,CU 0102955,3/31/09,
,,,501001
SO-0017869,CU 0100360,3/31/09,
,,,403001
SO-0017870,CU 0100576,3/31/09,
,,,602019
,,,602017
,,,502006XL
SO-0017871,CU 0103920,3/31/09,
,,,403001
SO-0017873,CU 0104757,3/31/09,
,,,603001
SO-0017874,CU 0104869,3/31/09,
,,,401001Y
SO-0017875,CU 0104760,3/31/09,
,,,804026
SO-0017876,CU 0101507,3/31/09,
,,,804003
SO-0017877,CU 0100833,3/31/09,
,,,302001
,,,502008
SO-0017879,CU 0104875,3/31/09,
,,,101001
,,,301001
,,,502001
,,,502006SM
,,,602020
,,,601003L
,,,804010
,,,602008
,,,602012
,,,101208
,,,601015
,,,601016
,,,109002
,,,101135
,,,404002
,,,602010
,,,601014
SO-0017880,CU 0100623,3/31/09,
,,,101165
SO-0017881,CU 0104286,3/31/09,
,,,502006
SO-0017882,CU 0100378,3/31/09,
,,,502006XL
SO-0017883,CU 0104876,3/31/09,
SO-0017884,CU 0102801,3/31/09,
,,,509002
SO-0017885,CU 0100861,3/31/09,
,,,302001
,,,302001
SO-0017886,CU 0100713,3/31/09,
,,,101001
,,,301001
,,,502001
,,,309001
SO-0017887,CU 0100861,3/31/09,
,,,302001
SO-0017888,CU 0100513,3/31/09,
,,,604002
SO-0017889,CU 0100513,3/31/09,
,,,401001Y
SO-0017890,CU 0103586,3/31/09,
,,,501001
SO-0017891,CU 0102893,3/31/09,
,,,401001Y
,,,403001
SO-0017892,CU 0104877,3/31/09,
,,,604002
SO-0017893,CU 0101511,3/31/09,
,,,302001
,,,604001
,,,309001
SO-0017894,CU 0104878,3/31/09,
,,,902006
SO-0017895,CU 0104794,3/31/09,
,,,602019
,,,601002
,,,101135
,,,109002
SO-0017896,CU 0104081,3/31/09,
,,,501001
,,,109002
,,,101135
SO-0017897,CU 0100760,3/31/09,
,,,804013
SO-0017898,CU 0102385,4/1/09,
,,,509002
SO-0017899,CU 0104843,4/1/09,
,,,403001
SO-0017900,CU 0104862,4/1/09,
SO-0017901,CU 0103978,4/1/09,
,,,804004
SO-0017902,CU 0102421,4/1/09,
,,,501001
,,,602012
,,,601005
,,,602010
,,,602008
,,,101135
,,,109002
SO-0017903,CU 0100026,4/1/09,
,,,501001
,,,509007
,,,109002
,,,101135
,,,309001
,,,404002
,,,602017
,,,602021
,,,903001
,,,903002
,,,902020
,,,109008
,,,101163
SO-0017904,CU 0102386,4/1/09,
,,,601014
,,,602008
SO-0017905,CU 0102195,4/1/09,
,,,403001
SO-0017906,CU 0101194,4/1/09,
,,,804011
,,,101137
,,,602010
,,,404001
,,,502006SM
,,,501001
,,,301001
,,,604001
,,,302001
,,,101001
,,,804026
,,,603001
,,,602020
,,,101208
,,,602012
,,,601004
,,,601008
SO-0017907,CU 0104862,4/1/09,
,,,403001
SO-0017908,CU 0102978,4/1/09,
,,,403001
SO-0017909,CU 0104879,4/1/09,
,,,101001
,,,603001
,,,501001
,,,501002
,,,602020
,,,804013
,,,804014
,,,602012
,,,602008
,,,601004
,,,601005
,,,804011
,,,101137
,,,502005
,,,309008
,,,309007
,,,509007
,,,101135
,,,109002
,,,509003
,,,109001
,,,409106
,,,301001
,,,502001
SO-0017910,CU 0104878,4/1/09,
,,,101001
,,,202002
,,,302002
,,,403001
,,,501001
,,,502001
,,,502006
,,,603001
,,,509002
,,,601015
,,,601014
,,,602010
,,,804010
SO-0017911,CU 0104876,4/1/09,
,,,804015
,,,301001
,,,501001
,,,202001
,,,601015
,,,804010
,,,601014
,,,602008
,,,602016
,,,603001
,,,509002
,,,202003
,,,602012
,,,502006XL
SO-0017912,CU 0104880,4/1/09,
,,,101001
,,,CS1000
,,,CS1001
SO-0017914,CU 0104690,4/1/09,
,,,403001
SO-0017916,CU 0100804,4/1/09,
,,,502006
SO-0017917,CU 0101101,4/1/09,
,,,109001
,,,601002
SO-0017918,CU 0104881,4/1/09,
,,,101001
,,,603001
,,,302002
,,,501001
,,,804004
,,,601003L
,,,509002
,,,502001
SO-0017919,CU 0100907,4/1/09,
,,,509002
SO-0017920,CU 0101201,4/1/09,
,,,202005
,,,202004
SO-0017921,CU 0101112,4/1/09,
,,,302002
SO-0017923,CU 0103905,4/1/09,
,,,502005
,,,502006SM
,,,602012
,,,602010
,,,601005
,,,402002
SO-0017924,CU 0104870,4/1/09,
,,,403001
,,,401001Y
SO-0017925,CU 0103905,4/1/09,
,,,401001Y
SO-0017926,CU 0100004,4/1/09,
SO-0017927,CU 0104883,4/1/09,
,,,601012
,,,601016
,,,602010
,,,602012
,,,602016
,,,603001
,,,309008
,,,309002
,,,109002
,,,101135
,,,804010
SO-0017928,CU 0100587,4/1/09,
,,,509002
SO-0017929,CU 0101201,4/1/09,
,,,202004
,,,202005
SO-0017930,CU 0100258,4/1/09,
,,,309003
SO-0017931,CU 0104225,4/1/09,
,,,403001
SO-0017932,CU 0103468,4/1/09,
,,,502005
,,,502006
,,,502006SM
SO-0017933,CU 0104865,4/1/09,
,,,302002
,,,301001
,,,602010
,,,602012
,,,603001
,,,501001
,,,402002
,,,509002
,,,401001Y
SO-0017934,CU 0104882,4/1/09,
,,,501001
SO-0017935,CU 0104287,4/1/09,
,,,309002
,,,109002
,,,101135
,,,502006SM
SO-0017936,CU 0103624,4/1/09,
,,,502006SM
,,,804015
,,,804014
,,,509003
,,,509002
,,,403001
,,,402001
,,,409106
SO-0017937,CU 0101260,4/2/09,
,,,502005
,,,602010
,,,602012
,,,404002
SO-0017938,CU 0104432,4/2/09,
,,,402001
,,,404002
,,,502006SM
,,,309003
,,,409110
,,,301001
SO-0017939,CU 0104884,4/2/09,
,,,101001
,,,603001
,,,202002
,,,301001
,,,302001
,,,502001
,,,602012
,,,602010
,,,601004
,,,601006
,,,601002
,,,601003L
,,,602020
,,,109002
,,,109001
,,,101135
,,,501001
,,,509002
SO-0017940,CU 0104885,4/2/09,
,,,101001
,,,301001
,,,403001
,,,502001
,,,501001
,,,502006
,,,509002
SO-0017941,CU 0101543,4/2/09,
,,,309002
SO-0017942,CU 0104735,4/2/09,
,,,509002
,,,101137
,,,309007
SO-0017943,CU 0100706,4/2/09,
,,,109001
SO-0017944,CU 0101273,4/2/09,
,,,101001
,,,502005
,,,502006XL
,,,501001
,,,509002
,,,602018
,,,804015
,,,409106
,,,301001
,,,309001
,,,602016
,,,602012
,,,601003R
,,,804026
,,,804011
,,,601002
,,,602010
SO-0017945,CU 0104881,4/2/09,
,,,403001
SO-0017946,CU 0101273,4/2/09,
,,,403001
SO-0017947,CU 0102592,4/2/09,
,,,804011
,,,502008
SO-0017948,CU 0104886,4/2/09,
,,,101001
,,,509002
,,,603001
,,,301001
,,,502001
,,,501001
,,,502005
,,,402002
SO-0017949,CU 0103594,4/2/09,
,,,403001
SO-0017950,CU 0101446,4/2/09,
,,,309001
,,,101208
SO-0017951,CU 0100428,4/2/09,
,,,804012
SO-0017952,CU 0104358,4/2/09,
,,,403001
SO-0017953,CU 0104176,4/2/09,
,,,401001Y
SO-0017954,CU 0104176,4/2/09,
,,,309001
,,,502008
SO-0017955,CU 0103343,4/2/09,
,,,601002
,,,602019
SO-0017956,CU 0102095,4/3/09,
,,,501002
SO-0017957,CU 0104656,4/3/09,
,,,109001
,,,109002
SO-0017958,CU 0102473,4/3/09,
,,,501001
,,,502006SM
,,,602010
,,,601002
,,,302001
,,,101001
,,,502001
,,,603001
,,,509002
SO-0017959,CU 0104887,4/3/09,
,,,101001
,,,402002
,,,409106
,,,309001
,,,309003
,,,509003
,,,509002
,,,109001
,,,101135
,,,109002
,,,804010
,,,502001
,,,502006XL
,,,501001
,,,301001
,,,604002
,,,604001
,,,302001
,,,602020
,,,601006
,,,603001
,,,601003L
,,,602012
,,,601002
,,,602010
,,,101137
,,,601004
,,,602017
,,,602021
,,,804011
SO-0017960,CU 0104641,4/3/09,
SO-0017961,CU 0104828,4/3/09,
,,,403001
SO-0017962,CU 0103378,4/3/09,
,,,804026
,,,502005
SO-0017963,CU 0101957,4/3/09,
,,,302001
SO-0017964,CU 0104727,4/3/09,
,,,403001
SO-0017965,CU 0101142,4/3/09,
,,,101158
SO-0017966,CU 0102720,4/3/09,
,,,602010
,,,601004
SO-0017967,CU 0104888,4/3/09,
,,,101001
,,,502001
,,,502005
,,,603001
,,,401001Y
,,,402001
,,,302001
SO-0017968,CU 0100129,4/3/09,
,,,501001
,,,109001
SO-0017969,CU 0101113,4/3/09,
,,,501001
SO-0017970,CU 0100467,4/3/09,
,,,404001
SO-0017971,CU 0104887,4/3/09,
,,,403001
,,,401001Y
SO-0017972,CU 0104889,4/3/09,
,,,101001
,,,603001
,,,403001
,,,302001
,,,101137
,,,602020
,,,309007
,,,502006SM
,,,501001
,,,101208
SO-0017973,CU 0103378,4/3/09,
,,,401001Y
SO-0017974,CU 0104875,4/3/09,
,,,403001
,,,401001Y
SO-0017976,CU 0104891,4/5/09,
,,,101001
,,,603001
,,,302001
,,,301001
,,,502001
,,,403001
,,,501001
,,,502005
,,,502006SM
,,,804003
,,,804004
,,,602018
,,,404001
,,,601007
,,,602020
,,,309001
,,,309002
,,,601003L
,,,601003R
,,,602016
,,,602012
,,,602008
,,,602010
,,,601006
,,,601002
,,,101208
,,,101137
,,,602019
,,,804011
,,,804010
SO-0017978,CU 0104189,4/3/09,
,,,903002
SO-0017979,CU 0104890,4/3/09,
,,,101001
,,,403001
,,,302001
,,,501001
,,,502001
,,,502005
,,,509007
,,,309002
,,,409110
,,,804011
,,,101137
SO-0017980,CU 0100809,4/3/09,
,,,404001
,,,502006
,,,601006
,,,602020
,,,109002
,,,101135
SO-0017981,CU 0101025,4/3/09,
,,,501002
,,,309008
SO-0017982,CU 0100602,4/4/09,
,,,101121
,,,140-0002
,,,101168
,,,101150
,,,109014
,,,109009
,,,140-0049
,,,140-000023
,,,140-000015
,,,140-0028
,,,109012
,,,309005
,,,109010
,,,140-0014
,,,109015
,,,109011
,,,101113
,,,101108
,,,101130
,,,101110
,,,101128
,,,101109
,,,101112
,,,302102
,,,302103
,,,101107
SO-0017983,CU 0104451,4/4/09,
,,,601005
,,,601019
,,,601018
,,,601017
,,,602008
SO-0017984,CU 0103834,4/4/09,
,,,502006XL
,,,309001
,,,309003
,,,101208
,,,602016
,,,602012
,,,602017
,,,804011
,,,509002
,,,309002
SO-0017985,CU 0102462,4/4/09,
,,,502006SM
SO-0017986,CU 0104891,4/5/09,
,,,101001
,,,101001
,,,603001
,,,302001
,,,301001
,,,502001
,,,403001
,,,502006SM
,,,502005
,,,501001
,,,804003
,,,804004
,,,602018
,,,404001
,,,601007
,,,602020
,,,309001
,,,309002
,,,601003L
,,,601003R
,,,602016
,,,602012
,,,602008
,,,602010
,,,601006
,,,601002
,,,101208
,,,101137
,,,602019
,,,804011
,,,804010
SO-0017987,CU 0104778,4/6/09,
,,,903002
,,,602012
,,,602010
,,,601005
,,,302002
,,,501001
,,,509002
SO-0017988,CU 0104848,4/6/09,
,,,402002
,,,404001
,,,404002
,,,409106
,,,603001
,,,804004
,,,309003
,,,602012
,,,601003L
,,,602008
,,,601006
,,,601002
,,,604001
,,,602021
,,,101137
,,,804011
,,,602010
SO-0017989,CU 0104734,4/6/09,
,,,602019
,,,601003L
,,,509002
SO-0017990,CU 0101009,4/6/09,
,,,601015
,,,601016
,,,601014
SO-0017991,CU 0104892,4/6/09,
,,,903002
,,,902007
SO-0017992,CU 0104601,4/6/09,
,,,509002
SO-0017993,CU 0101159,4/6/09,
,,,601015
,,,601014
,,,804015
,,,601002
SO-0017994,CU 0102113,4/6/09,
,,,404001
SO-0017995,CU 0104645,4/6/09,
,,,402001
,,,409106
SO-0017996,CU 0103586,4/6/09,
,,,109001
,,,603001
,,,601003L
,,,309003
,,,604001
,,,604002
,,,601004
,,,601008
,,,402002
,,,301001
SO-0017997,CU 0103586,4/6/09,
,,,403001
SO-0017998,CU 0104826,4/6/09,
,,,309001
,,,309003
SO-0017999,CU 0101114,4/6/09,
,,,602016
,,,601002
SO-0018000,CU 0104875,4/6/09,
,,,603001
,,,302002
,,,402001
SO-0018001,CU 0104544,4/6/09,
SO-0018002,CU 0100914,4/6/09,
,,,309002
SO-0018003,CU 0101619,4/6/09,
,,,804004
SO-0018004,CU 0103897,4/6/09,
,,,501001
,,,804011
,,,502006
,,,301001
,,,604002
,,,309002
SO-0018005,CU 0101159,4/6/09,
,,,401001Y
SO-0018006,CU 0101900,4/6/09,
,,,401001Y
SO-0018007,CU 0102839,4/6/09,
,,,401001Y
SO-0018008,CU 0104830,4/6/09,
,,,501001
SO-0018009,CU 0104707,4/6/09,
,,,804010
SO-0018010,CU 0103395,4/6/09,
,,,604002
SO-0018011,CU 0102519,4/6/09,
,,,604002
,,,601016
,,,601014
SO-0018012,CU 0104893,4/6/09,
,,,101001
,,,101001
,,,603001
,,,202001
,,,202003
,,,302001
,,,502001
,,,501001
,,,804011
,,,601003L
,,,804014
,,,604002
,,,601014
,,,509002
,,,502005
,,,602012
,,,101135
,,,109002
,,,301001
SO-0018013,CU 0100815,4/6/09,
,,,309004
,,,101165
,,,101164
SO-0018014,CU 0104613,4/6/09,
,,,101135
,,,109002
SO-0018015,CU 0104894,4/6/09,
,,,101001
,,,101208
,,,804011
,,,309003
,,,201101
,,,602010
,,,101135
,,,109002
,,,601002
,,,101137
,,,804010
,,,502001
,,,502005
,,,501001
,,,509002
,,,601003L
,,,302001
,,,202002
,,,602020
,,,601012
SO-0018016,CU 0104895,4/6/09,
,,,501002
,,,509007
SO-0018017,CU 0104488,4/6/09,
,,,401001Y
SO-0018018,CU 0100669,4/6/09,
,,,202001
,,,404002
,,,509002
,,,309001
SO-0018019,CU 0104896,4/6/09,
,,,101135
SO-0018020,CU 0104143,4/6/09,
,,,404001
SO-0018021,CU 0102761,4/6/09,
,,,501001
SO-0018023,CU 0103698,4/7/09,
,,,601019
SO-0018024,CU 0104897,4/7/09,
,,,902018
,,,902019
SO-0018025,CU 0101483,4/7/09,
,,,101135
,,,109002
,,,302002
SO-0018026,CU 0104898,4/7/09,
,,,101135
SO-0018027,CU 0101415,4/7/09,
,,,501001
,,,309001
,,,109001
,,,509007
,,,602008
,,,602010
,,,109008
,,,903002
,,,901002
,,,901001
,,,502006XL
,,,602022
SO-0018028,CU 0101717,4/7/09,
,,,202003
,,,NI4060
SO-0018029,CU 0104807,4/7/09,
,,,804010
SO-0018030,CU 0102052,4/7/09,
,,,804010
,,,NI4060
SO-0018031,CU 0104501,4/7/09,
,,,804010
SO-0018032,CU 0103212,4/7/09,
,,,402002
,,,903002
SO-0018033,CU 0102215,4/7/09,
,,,509002
SO-0018034,CU 0102247,4/7/09,
,,,409110
,,,109001
SO-0018035,CU 0104899,4/7/09,
,,,101001
,,,302001
,,,301001
,,,502001
,,,403001
,,,401001Y
,,,502006SM
,,,502006XL
,,,804015
,,,602016
,,,602012
,,,602010
,,,601002
,,,402002
SO-0018038,CU 0104084,4/7/09,
,,,302002
,,,309002
,,,309007
,,,501001
,,,509002
,,,502006XL
SO-0018039,CU 0102444,4/7/09,
,,,509002
,,,309002
SO-0018040,CU 0101580,4/7/09,
,,,404001
SO-0018041,CU 0100822,4/7/09,
,,,501001
,,,902052
,,,902023
SO-0018042,CU 0102215,4/7/09,
,,,301001
SO-0018043,CU 0101415,4/7/09,
,,,403001
SO-0018044,CU 0103472,4/7/09,
,,,309001
,,,502005
SO-0018045,CU 0102368,4/7/09,
,,,804026
SO-0018046,CU 0104900,4/7/09,
,,,101001
,,,603001
,,,302001
,,,502001
,,,502006XL
,,,502006SM
,,,601003L
,,,601006
,,,601002
,,,101208
,,,101137
,,,601004
,,,601005
,,,602012
,,,602010
,,,602020
SO-0018047,CU 0100975,4/7/09,
,,,502006SM
SO-0018048,CU 0104901,4/7/09,
,,,101001
SO-0018049,CU 0104893,4/7/09,
,,,403001
SO-0018050,CU 0103834,4/7/09,
,,,501002
SO-0018051,CU 0104143,4/7/09,
,,,403001
SO-0018052,CU 0100169,4/7/09,
,,,604001
,,,604001
,,,604001
SO-0018053,CU 0104902,4/7/09,
,,,101001
,,,603001
,,,502001
,,,502006SM
,,,601004
,,,602010
,,,602012
SO-0018054,CU 0101987,4/8/09,
,,,601003L
,,,602010
,,,601002
,,,601006
,,,601004
SO-0018055,CU 0104018,4/8/09,
,,,309004
,,,309002
,,,409106
,,,601017
SO-0018056,CU 0102473,4/8/09,
,,,301001
SO-0018057,CU 0103861,4/8/09,
,,,502006XL
,,,601003L
,,,602010
,,,601014
,,,409110
SO-0018058,CU 0104451,4/8/09,
,,,601006
,,,601002
SO-0018059,CU 0104862,4/8/09,
,,,502005
SO-0018060,CU 0103351,4/8/09,
,,,309001
SO-0018061,CU 0104439,4/8/09,
,,,403001
SO-0018062,CU 0104822,4/8/09,
,,,804004
SO-0018063,CU 0103749,4/8/09,
,,,501001
,,,509002
SO-0018064,CU 0104894,4/8/09,
,,,403001
SO-0018065,CU 0104900,4/8/09,
,,,403001
,,,401001Y
SO-0018066,CU 0100764,4/8/09,
,,,309001
,,,509002
,,,402002
SO-0018067,CU 0102433,4/8/09,
,,,502006XL
,,,502006SM
,,,502008
SO-0018068,CU 0104903,4/8/09,
,,,101001
SO-0018069,CU 0104861,4/8/09,
,,,101001
,,,603001
,,,409106
,,,804010
,,,502001
,,,502006XL
,,,501001
,,,509007
,,,301001
,,,309004
,,,509003
,,,101135
,,,109002
,,,602008
,,,602012
,,,804011
,,,101208
,,,109001
,,,601002
,,,602021
,,,101137
,,,101164
,,,101165
,,,302002
,,,502005
,,,804004
,,,302001
,,,601003L
,,,202006
SO-0018070,CU 0103565,4/8/09,
,,,502005
,,,509002
SO-0018071,CU 0102308,4/8/09,
,,,501001
,,,509007
,,,509002
,,,301001
SO-0018072,CU 0104651,4/8/09,
,,,202002
SO-0018073,CU 0100635,4/8/09,
,,,203001
SO-0018074,CU 0101296,4/8/09,
,,,602022
SO-0018075,CU 0104650,4/8/09,
,,,101001
,,,CS1000
,,,CS1001
SO-0018076,CU 0104904,4/8/09,
,,,101001
,,,302002
,,,301001
,,,502001
,,,501001
,,,804013
,,,601004
,,,601008
,,,502006SM
,,,509002
,,,101135
,,,109002
,,,404001
SO-0018077,CU 0102421,4/8/09,
,,,101001
SO-0018078,CU 0102420,4/8/09,
,,,302001
,,,109002
,,,101135
SO-0018079,CU 0104650,4/8/09,
,,,401001Y
SO-0018080,CU 0100392,4/8/09,
,,,403001
SO-0018081,CU 0102645,4/8/09,
,,,602020
SO-0018082,CU 0100502,4/8/09,
,,,501001
SO-0018083,CU 0104862,4/8/09,
,,,502005
SO-0018084,CU 0104865,4/8/09,
SO-0018085,CU 0104846,4/8/09,
,,,401001Y
SO-0018086,CU 0103143,4/8/09,
,,,403001
,,,401001Y
SO-0018087,CU 0102762,4/8/09,
SO-0018088,CU 0104904,4/8/09,
,,,403001
SO-0018089,CU 0102762,4/8/09,
,,,501002
SO-0018090,CU 0104502,4/8/09,
,,,903001
,,,903002
SO-0018091,CU 0101684,4/8/09,
,,,502008
SO-0018092,CU 0100267,4/8/09,
,,,509002
,,,602022
,,,502008
SO-0018093,CU 0103907,4/8/09,
SO-0018094,CU 0104905,4/8/09,
,,,101001
,,,404002
,,,409110
,,,502001
,,,501001
,,,509007
,,,302001
,,,101208
,,,603001
,,,601003L
,,,602012
,,,602010
,,,101135
,,,109002
SO-0018095,CU 0100625,4/8/09,
,,,101001
,,,502001
,,,501001
,,,509002
,,,302002
,,,603001
,,,602012
,,,804011
,,,509003
,,,601002
,,,602010
,,,409106
,,,502006XL
,,,602008
,,,402002
SO-0018096,CU 0103974,4/8/09,
,,,502006
SO-0018097,CU 0101961,4/8/09,
,,,501001
,,,509002
SO-0018098,CU 0104523,4/8/09,
,,,502006
,,,401001Y
,,,804014
,,,602010
,,,601015
,,,903002
,,,602020
,,,501001
,,,901008
,,,602008
,,,402002
SO-0018099,CU 0104051,4/8/09,
,,,501001
,,,509002
,,,601017
SO-0018100,CU 0104699,4/9/09,
,,,509002
,,,602010
,,,109001
SO-0018101,CU 0104422,4/9/09,
,,,601006
,,,601002
,,,601005
,,,601003R
SO-0018102,CU 0100602,4/9/09,
,,,101001
,,,402002
,,,403001
,,,402001
,,,401001Y
,,,404001
,,,404002
,,,804015
,,,402003
,,,402004
,,,301001
,,,302001
,,,302002
,,,604001
,,,604002
,,,501001
,,,502001
,,,502005
,,,502006
,,,502008
,,,201001
,,,202003
,,,202005
,,,202002
,,,202004
,,,202001
,,,202006
,,,201007
,,,201008
,,,804004
,,,804003
,,,804012
,,,804018
,,,201101
,,,201103
,,,804005
,,,804006
,,,804009
,,,804019
,,,601002
,,,601003L
,,,601003R
,,,601004
,,,601005
,,,601006
,,,601007
,,,601008
,,,601012
,,,601014
,,,601015
,,,601016
,,,601017
,,,601018
,,,601019
,,,602008
,,,602009
,,,602010
,,,602011
,,,602012
,,,602016
,,,602018
,,,602019
,,,602020
,,,603001
,,,804013
,,,804026
,,,109001
,,,101137
,,,101163
,,,101208
,,,602017
,,,602021
,,,602022
,,,804011
,,,804024
,,,409001
,,,409110
,,,509002
,,,509007
,,,509003
,,,509005
,,,309001
,,,309008
,,,309004
,,,309003
,,,309007
,,,309002
,,,109002
,,,101135
SO-0018103,CU 0104830,4/9/09,
SO-0018104,CU 0100602,4/9/09,
,,,101001
,,,402002
,,,403001
,,,402001
,,,401001Y
,,,404001
,,,404002
,,,804015
,,,402003
,,,402004
,,,301001
,,,302001
,,,302002
,,,604001
,,,604002
,,,501001
,,,502001
,,,502005
,,,502006
,,,502008
,,,201001
,,,202003
,,,202005
,,,202002
,,,202004
,,,202001
,,,202006
,,,201007
,,,201008
,,,804004
,,,804003
,,,804012
,,,804018
,,,201101
,,,201103
,,,804005
,,,804006
,,,804009
,,,804019
,,,601002
,,,601003L
,,,601003R
,,,601004
,,,601005
,,,601006
,,,601007
,,,601008
,,,601012
,,,601014
,,,601015
,,,601016
,,,601017
,,,601018
,,,601019
,,,602008
,,,602009
,,,602010
,,,602011
,,,602012
,,,602016
,,,602018
,,,602019
,,,602020
,,,603001
,,,804013
,,,804026
,,,109001
,,,101137
,,,101163
,,,101208
,,,602017
,,,602021
,,,602022
,,,804011
,,,804024
,,,409001
,,,409110
,,,509002
,,,509007
,,,509003
,,,509005
,,,309001
,,,309008
,,,309004
,,,309003
,,,309007
,,,309002
,,,109002
,,,101135
SO-0018105,CU 0100602,4/9/09,
,,,404001
,,,602008
SO-0018106,CU 0104579,4/9/09,
,,,804014
,,,601005
,,,509002
,,,404002
SO-0018107,CU 0102475,4/9/09,
,,,509002
SO-0018108,CU 0104579,4/9/09,
SO-0018109,CU 0102094,4/9/09,
,,,101001
,,,301001
,,,302002
,,,309001
,,,309003
,,,603001
,,,604002
SO-0018110,CU 0103861,4/9/09,
,,,401001Y
SO-0018111,CU 0103834,4/9/09,
,,,403001
,,,401001Y
SO-0018112,CU 0104143,4/9/09,
,,,301001
SO-0018113,CU 0102831,4/9/09,
,,,502001
SO-0018114,CU 0104906,4/9/09,
,,,101001
,,,302002
,,,301001
,,,502001
,,,501001
,,,502005
,,,502006SM
,,,602010
,,,804011
,,,601004
,,,402002
,,,601002
,,,804015
,,,601006
SO-0018115,CU 0100323,4/9/09,
,,,101135
,,,109002
SO-0018116,CU 0103693,4/9/09,
,,,804026
,,,509002
SO-0018117,CU 0100733,4/9/09,
,,,502006XL
SO-0018118,CU 0104907,4/9/09,
,,,109002
,,,101135
SO-0018119,CU 0101101,4/9/09,
,,,601002
SO-0018120,CU 0104908,4/9/09,
,,,501001
,,,309003
,,,509007
,,,309001
,,,502006XL
SO-0018121,CU 0103188,4/9/09,
,,,404001
,,,502005
SO-0018122,CU 0104601,4/9/09,
,,,804015
,,,602018
,,,602012
,,,403001
,,,401001Y
,,,404001
,,,301001
,,,602010
SO-0018123,CU 0100706,4/9/09,
,,,101130
,,,302103
,,,101130
,,,302103
SO-0018124,CU 0104909,4/9/09,
,,,903002
,,,902005
SO-0018125,CU 0103864,4/9/09,
,,,403001
,,,401001Y
SO-0018126,CU 0100706,4/9/09,
,,,101130
,,,302103
SO-0018127,CU 0103907,4/9/09,
,,,403001
SO-0018128,CU 0103934,4/9/09,
,,,602008
,,,602010
SO-0018129,CU 0102682,4/9/09,
,,,804015
SO-0018130,CU 0101025,4/9/09,
,,,501002
SO-0018131,CU 0100602,4/9/09,
,,,101001
,,,402002
,,,403001
,,,402001
,,,401001Y
,,,404001
,,,404002
,,,804015
,,,402003
,,,402004
,,,301001
,,,302001
,,,302002
,,,604001
,,,604002
,,,501001
,,,502001
,,,502005
,,,502006SM
,,,502008
,,,201001
,,,202003
,,,202005
,,,202002
,,,202004
,,,202001
,,,202006
,,,201007
,,,201008
,,,804004
,,,804003
,,,804012
,,,201101
,,,201103
,,,804005
,,,804006
,,,804010
,,,804007
,,,804008
,,,804009
,,,804019
,,,601002
,,,601003L
,,,601003R
,,,601004
,,,601005
,,,601006
,,,601007
,,,601008
,,,601012
,,,601014
,,,601015
,,,601016
,,,601017
,,,601018
,,,601019
,,,602008
,,,602009
,,,602010
,,,602011
,,,602012
,,,602016
,,,602018
,,,602019
,,,602020
,,,603001
,,,804013
,,,804026
,,,409106
,,,409110
,,,509002
,,,509007
,,,109008
,,,509003
,,,509005
,,,309001
,,,309008
,,,309004
,,,309003
,,,309007
,,,309002
,,,109002
,,,101135
SO-0018132,CU 0103467,4/9/09,
,,,601003L
,,,509002
SO-0018133,CU 0104286,4/9/09,
,,,101163
SO-0018134,CU 0103467,4/9/09,
,,,401001Y
SO-0018135,CU 0100602,4/9/09,
,,,101001
,,,402002
,,,403001
,,,402001
,,,401001Y
,,,404001
,,,404002
,,,804015
,,,402003
,,,402004
,,,301001
,,,302001
,,,302002
,,,604001
,,,604002
,,,501001
,,,502001
,,,502005
,,,502006SM
,,,502008
,,,201001
,,,202003
,,,202005
,,,202002
,,,202004
,,,202001
,,,202006
,,,201007
,,,201008
,,,804004
,,,804003
,,,804012
,,,201101
,,,201103
,,,804005
,,,804006
,,,804010
,,,804007
,,,804008
,,,804009
,,,804019
,,,601002
,,,601003L
,,,601003R
,,,601004
,,,601005
,,,601006
,,,601007
,,,601008
,,,601012
,,,601014
,,,601015
,,,601016
,,,601017
,,,601018
,,,601019
,,,602008
,,,602009
,,,602010
,,,602011
,,,602012
,,,602016
,,,602018
,,,602019
,,,602020
,,,603001
,,,804013
,,,804026
,,,409106
,,,409110
,,,509002
,,,509007
,,,109008
,,,509003
,,,509005
,,,309001
,,,309008
,,,309004
,,,309003
,,,309007
,,,309002
,,,109002
,,,101135
SO-0018136,CU 0100602,4/9/09,
,,,101001
,,,402002
,,,403001
,,,402001
,,,401001Y
,,,404001
,,,404002
,,,804015
,,,402003
,,,402004
,,,301001
,,,302001
,,,302002
,,,604001
,,,604002
,,,501001
,,,501002
,,,502001
,,,502005
,,,502006SM
,,,502008
,,,201001
,,,202003
,,,202005
,,,202002
,,,202004
,,,202001
,,,202006
,,,201007
,,,201008
,,,804004
,,,804003
,,,804012
,,,201101
,,,201103
,,,804005
,,,804006
,,,804010
,,,804007
,,,804008
,,,804009
,,,804019
,,,601002
,,,601003L
,,,601003R
,,,601004
,,,601005
,,,601006
,,,601007
,,,601008
,,,601012
,,,601014
,,,601015
,,,601016
,,,601017
,,,601018
,,,601019
,,,602008
,,,602009
,,,602010
,,,602011
,,,602012
,,,602016
,,,602018
,,,602019
,,,602020
,,,603001
,,,804013
,,,804026
,,,409106
,,,409110
,,,509002
,,,509007
,,,109008
,,,509003
,,,509005
,,,309001
,,,309008
,,,309004
,,,309003
,,,309007
,,,309002
,,,109002
,,,101135
SO-0018137,CU 0100602,4/9/09,
,,,101001
,,,402002
,,,403001
,,,402001
,,,401001Y
,,,404001
,,,301001
,,,302002
,,,604001
,,,604002
,,,501001
,,,501002
,,,502001
,,,502006XL
,,,202001
,,,804004
,,,804003
,,,601003L
,,,601003R
,,,602008
,,,602010
,,,603001
,,,101137
,,,602017
,,,602021
,,,509002
,,,309001
,,,309003
,,,309007
,,,309002
,,,109002
,,,101135
SO-0018138,CU 0103311,4/9/09,
,,,509002
SO-0018139,CU 0100602,4/9/09,
,,,101001
,,,402002
,,,403001
,,,402001
,,,401001Y
,,,404001
,,,404002
,,,804015
,,,402003
,,,402004
,,,301001
,,,302001
,,,302002
,,,604001
,,,604002
,,,501001
,,,501002
,,,502001
,,,502005
,,,502006SM
,,,502008
,,,201001
,,,202003
,,,202005
,,,202002
,,,202004
,,,202001
,,,202006
,,,201007
,,,201008
,,,804004
,,,804003
,,,804012
,,,201101
,,,201103
,,,804005
,,,804006
,,,804010
,,,804007
,,,804008
,,,804009
,,,804019
,,,601002
,,,601003L
,,,601003R
,,,601004
,,,601005
,,,601006
,,,601007
,,,601008
,,,601012
,,,601014
,,,601015
,,,601016
,,,601017
,,,601018
,,,601019
,,,602008
,,,602009
,,,602010
,,,602011
,,,602012
,,,602016
,,,602018
,,,602019
,,,602020
,,,603001
,,,804013
,,,804026
,,,409106
,,,409110
,,,509002
,,,509007
,,,109008
,,,509003
,,,509005
,,,309001
,,,309008
,,,309004
,,,309003
,,,309007
,,,309002
,,,109002
,,,101135
SO-0018140,CU 0100844,4/9/09,
,,,501001
SO-0018141,CU 0103188,4/9/09,
,,,403001
,,,401001Y
SO-0018142,CU 0103851,4/9/09,
,,,601003L
,,,602012
,,,602010
,,,601002
,,,601006
SO-0018143,CU 0100414,4/9/09,
,,,202002
,,,202002
SO-0018144,CU 0104620,4/9/09,
,,,202002
SO-0018145,CU 0104620,4/9/09,
,,,302001
SO-0018146,CU 0104620,4/9/09,
SO-0018147,CU 0103176,4/10/09,
,,,509002
,,,309008
,,,309007
SO-0018148,CU 0104910,4/10/09,
,,,501001
SO-0018149,CU 0102394,4/10/09,
,,,301001
SO-0018150,CU 0101668,4/10/09,
,,,202003
SO-0018151,CU 0104911,4/10/09,
,,,101001
,,,804010
,,,502006SM
,,,302002
,,,301001
,,,402002
,,,603001
,,,502001
,,,804004
SO-0018152,CU 0104830,4/10/09,
,,,902003
,,,902005
SO-0018153,CU 0103318,4/10/09,
,,,502006XL
SO-0018154,CU 0100605,4/10/09,
,,,309001
,,,509002
SO-0018155,CU 0101717,4/10/09,
,,,109002
,,,101135
,,,404001
SO-0018156,CU 0101446,4/10/09,
,,,502008
,,,402003
SO-0018157,CU 0103844,4/10/09,
,,,601014
,,,601017
,,,302001
,,,601014
SO-0018158,CU 0102795,4/10/09,
,,,602022
SO-0018159,CU 0104913,4/10/09,
,,,804004
,,,402002
,,,404002
SO-0018160,CU 0104911,4/10/09,
,,,403001
SO-0018161,CU 0104913,4/10/09,
,,,502001
SO-0018162,CU 0100261,4/10/09,
,,,202001
,,,202001
SO-0018163,CU 0100604,4/10/09,
,,,202001
,,,202001
SO-0018164,CU 0100536,4/10/09,
,,,502006
,,,903001
,,,903002
SO-0018165,CU 0101936,4/10/09,
,,,403001
,,,401001Y
SO-0018166,CU 0103980,4/10/09,
,,,502001
SO-0018167,CU 0103668,4/10/09,
,,,902036
SO-0018168,CU 0104526,4/10/09,
SO-0018169,CU 0102829,4/10/09,
,,,302001
,,,404002
,,,409110
,,,402002
,,,309002
SO-0018170,CU 0103798,4/10/09,
,,,903002
,,,902017
,,,902017
,,,902019
,,,902018
SO-0018171,CU 0103415,4/10/09,
,,,309003
,,,602012
,,,409110
,,,601006
,,,601003L
,,,502006XL
,,,502006SM
SO-0018172,CU 0104771,4/11/09,
,,,804004
,,,502006SM
,,,509003
,,,509002
,,,509007
,,,602008
,,,602021
,,,601002
,,,602010
,,,604002
,,,604001
SO-0018173,CU 0104914,4/11/09,
,,,101001
,,,502001
SO-0018174,CU 0104915,4/11/09,
,,,902020
SO-0018175,CU 0104751,4/12/09,
,,,101001
,,,101001
,,,101001
,,,603001
,,,301001
,,,302001
,,,403001
,,,804015
,,,502001
,,,602012
,,,602010
,,,601004
,,,601006
,,,601002
,,,602008
,,,601003L
,,,602020
,,,101135
,,,109002
,,,109001
,,,502005
,,,501001
,,,509002
SO-0018176,CU 0103679,4/12/09,
,,,602012
,,,602010
,,,601004
SO-0018177,CU 0104916,4/12/09,
,,,101001
,,,603001
,,,302001
,,,501001
,,,502005
,,,502001
,,,804004
,,,509002
SO-0018178,CU 0104137,4/12/09,
,,,603001
,,,302002
,,,301001
,,,502001
,,,403001
,,,404001
,,,501001
,,,501002
,,,601003L
,,,602012
,,,602008
,,,602010
,,,601002
,,,602021
,,,101137
,,,602019
,,,101208
,,,601006
,,,601014
,,,601015
,,,601016
,,,901008
,,,109001
,,,509003
,,,509002
,,,509007
SO-0018179,CU 0104137,4/13/09,
SO-0018180,CU 0101430,4/13/09,
,,,509002
,,,604002
,,,409110
SO-0018181,CU 0102856,4/13/09,
,,,501001
SO-0018182,CU 0104917,4/13/09,
,,,804010
SO-0018183,CU 0100602,4/13/09,
,,,502005
,,,402002
,,,404002
,,,601002
,,,804011
,,,602020
SO-0018184,CU 0102450,4/13/09,
,,,502006XL
SO-0018185,CU 0103045,4/13/09,
SO-0018186,CU 0104918,4/13/09,
,,,602016
,,,602010
SO-0018187,CU 0103045,4/13/09,
,,,109001
SO-0018188,CU 0104829,4/13/09,
,,,403001
,,,101001
,,,509002
,,,603001
,,,502001
,,,404001
,,,804015
,,,602020
,,,601005
,,,601004
,,,602021
,,,101137
,,,602019
,,,309004
,,,309002
,,,804003
,,,902003
,,,101208
SO-0018189,CU 0100677,4/13/09,
,,,301001
,,,401001Y
SO-0018190,CU 0101430,4/13/09,
,,,401001Y
SO-0018191,CU 0103045,4/13/09,
SO-0018192,CU 0104916,4/13/09,
,,,403001
SO-0018193,CU 0100159,4/13/09,
,,,501001
SO-0018194,CU 0102688,4/13/09,
,,,602022
SO-0018195,CU 0104919,4/13/09,
,,,902004
SO-0018196,CU 0104905,4/13/09,
,,,401001Y
,,,403001
SO-0018197,CU 0104905,4/13/09,
,,,502006SM
SO-0018198,CU 0100576,4/13/09,
,,,602008
SO-0018200,CU 0101924,4/13/09,
,,,603001
SO-0018201,CU 0100543,4/13/09,
,,,501001
,,,502005
,,,502006XL
,,,602012
,,,804015
,,,602010
,,,601002
,,,804026
SO-0018202,CU 0100964,4/13/09,
,,,509007
SO-0018203,CU 0100595,4/13/09,
,,,502005
SO-0018204,CU 0103920,4/13/09,
,,,804004
,,,302001
SO-0018206,CU 0104439,4/13/09,
,,,502001